Unnamed: 0,term,pos,definition,domain,supplementary_info,obsolete,slang,dated,rare,vulgar,offensive,slur,astrology
9160,inconjunct,Noun,A quincunx., astrology,,False,False,False,False,False,False,False,True
12881,influence,Noun,"An element believed to determine someone's character or individual tendencies, caused by the position of the stars and planets at the time of one's birth.", astrology,,False,False,False,False,False,False,False,True
13871,ingress,Verb,"To enter into a zodiacal sign 1861 December 28, Almanacs, in All the Year Round[5], volume VI:The middle of March finds "" Mars ingressing upon the 16th degree of Capricorn, where the sun has arrived in the nativity of Lord Palmerston,"" []"," intransitive, astrology, of a planet",,False,False,False,False,False,False,False,True
6291,decan,Noun,One of a collection of 36 small constellations or zodiacal subdivisions that appear heliacally at intervals of 10 days or are separated by approximately 10 degrees.," Egyptology, astrology",,False,False,False,False,False,False,False,True
7026,decile,Noun,An aspect or position of two planets when they are distant from each other a tenth part of the zodiac., astrology,,False,False,False,False,False,False,False,True
8477,decumbiture,Noun,"The time one takes to one's bed during an illness, as used for astrological prognostications; or a chart drawn up to express this"," astrology, now historical","1971, Keith Thomas, Religion and the Decline of Magic, Folio Society 2012, p. 277: By casting a figure for the decumbiture, or moment when the patient felt ill, and by resolving a question on the sight of his urine, the astrological doctor claimed to be able to diagnose the disease, prescribe the treatment, foretell when the sickness would reach its crisis, and prognosticate its eventual outcome.",False,False,False,False,False,False,False,True
33944,disposit,Verb,To be located in the house of the sign ruled by the planet," astrology, transitive","For example, when a planet is in the house Gemini, it disposits Mercury because Mercury is the ruling sign of Gemini. 1983, Rose Lineman, Jan Popelka, Compendium of Astrology Venus then indirectly disposits all planets in Leo because these planets are disposited by the Sun, ruler of Leo, and Venus disposits the Sun.",False,False,False,False,False,False,False,True
36216,diurnal arc,Noun,"the path followed by a planet, point, or degree from its rising point to its setting point.", astrology,,False,False,False,False,False,False,False,True
39411,domification,Noun,The division of the heavens into twelve astrological houses; or a particular system for such division, astrology,"1603, Michel de Montaigne, chapter 12, in John Florio, transl., The Essayes,[], book II, printed at London: By Val[entine] Simmes for Edward Blount[], OCLC 946730821:Physike is received as Geometry: and jugling tricks, enchantments, bonds, the commerce of deceased spirits, prognostications, domifications, yea even this ridiculous wit and wealth-consuming pursuite of the Philosophers stone, all is emploied and uttered without contradiction. 2003, Steven Vanden Broecke, The Limits of Influence, page 238:The introduction of alternative methods of domification was already exploited in Pico's Disputationes, which questioned both the natural philosophical basis of astrological houses and the contradictions on this matter in the astrological canon. 2010, Katherine Crawford, The Sexual Culture of the French Renaissance, Cambridge, p.99: The argument put forth by Copernicus that the Sun, not the Earth, was at the center of the heavens renewed concerns about domification.",False,False,False,False,False,False,False,True
47796,duad,Noun,Dwadasamsa., astrology,,False,False,False,False,False,False,False,True
438,quadrate,Noun,"An aspect of the heavenly bodies in which they are distant from each other 90, or the quarter of a circle; quartile.", astrology,,False,False,False,False,False,False,False,True
3804,quinary,Noun,"Any of 72 rays associated with the Sun, six for each of the 12 houses of the Zodiac.", astrology,,False,False,False,False,False,False,False,True
3856,quincunx,Noun,"An angle of five-twelfths of a circle, or 150, between two objects", astrology,[from 1647],False,False,False,False,False,False,False,True
4253,quintile,Noun,An aspect of planets that are distant from each other by one fifth of a zodiac (72), astrology,,False,False,False,False,False,False,False,True
1902,zodiac,Noun,"The belt-like region of the celestial sphere approximately eight degrees north and south of the ecliptic which include the apparent path of the sun, moon, and visible planets.", astrology,,False,False,False,False,False,False,False,True
1903,zodiac,Noun,"The twelve equal divisions of the zodiacal region into signs or houses, each named for a prominent constellation in the region.", astrology,,False,False,False,False,False,False,False,True
1907,zodiac sign,Noun,Any of the twelve star signs corresponding to the constellations which make up the zodiac., astrology,,False,False,False,False,False,False,False,True
1909,zodiacal,Adjective,Of or pertaining to the zodiac," astronomy, astrology","1683, Thomas Browne, Observations upon Several Plants Mentiond in Scripture in Certain Miscellany Tracts, London: Charles Mearn, p. 3,[1] [] in some passages of the Old Testament they think they discover the Zodiacal course of the Sun [] 1912, Mary Webb Artois (translator), Through the Desert by Henryk Sienkiewicz, New York: Benziger Brothers, Chapter 14,[2] For several evenings the pale twinkling of the somber zodiacal stars lighted up the west side of the heavens for some time after the sun had set. 1959, Muriel Spark, Memento Mori, New York: New Directions, 2000, Chapter 2, She knew by heart everyones Zodiacal sign.",False,False,False,False,False,False,False,True
2403,octant,Noun,"The aspect of two planets that are 45, or one-eighth of a circle, apart.", astrology,,False,False,False,False,False,False,False,True
2498,octave,Noun,The subjective vibration of a planet, astrology,"Astrology club Lastly, Mars is Plutos lower vibrational octave and resonance because it is the ancient ruler, and modern day co-ruler of Scorpio the sign of Plutos natural rulership. 2016: Kristin Fontana, The Beach Reporter Mercury then joins its higher octave and generous counterpart Jupiter early next week, and it opens gates of opportunity.",False,False,False,False,False,False,False,True
4362,water carrier,Noun,"Aquarius, or a symbol for it.", astrology,,False,False,False,False,False,False,False,True
4668,water sign,Noun,"Any of the three star signs Cancer, Pisces and Scorpio.", astrology,,False,False,False,False,False,False,False,True
17116,benefic,Noun,a favorable planet, astrology,,False,False,False,False,False,False,False,True
26406,biquintile,Noun,An aspect of two planets that are distant from each other by two fifths of a great circle (72 degrees), astrology,,False,False,False,False,False,False,False,True
27057,birthtime,Noun,The exact time when someone was born; the time of birth., astrology,,False,False,False,False,False,False,False,True
13474,hemisphere,Noun,"Half of the celestial sphere, as divided by either the ecliptic or the celestial equator [from 14th c.]."," astronomy, astrology",,False,False,False,False,False,False,False,True
26174,horary,Adjective,Whose answer can be worked out by drawing up a horoscope of the exact time the question was asked," astrology, of a question","1971, Keith Thomas, Religion and the Decline of Magic, Folio Society 2012, p. 276: But every kind of personal problem could be dealt with as an horary question. 2006, Philip Ball, The Devil's Doctor, Arrow 2007, p. 295: This aspect of astrology impinged on medicine too, since an horary question could be a request for diagnosis, in which case the doctor might answer it by inspecting not just the arrangement of the heavens but also a sample of the patient's urine, bearing in mind when it was passed or when it was brought to him.",False,False,False,False,False,False,False,True
26656,horoscopy,Noun,The aspect of the stars at the time of a person's birth., astrology,,False,False,False,False,False,False,False,True
28441,house,Noun,One of the twelve divisions of an astrological chart, astrology,"[from 14thc.] 1971, Keith Thomas, Religion and the Decline of Magic, Folio Society 2012, p.313: Since there was a limited number of planets, houses and signs of the zodiac, the astrologers tended to reduce human potentialities to a set of fixed types and to postulate only a limited number of possible variations.",False,False,False,False,False,False,False,True
28451,house,Verb,To dwell within one of the twelve astrological houses," transitive, astrology",Dryden Where Saturn houses.,False,False,False,False,False,False,False,True
33724,hyleg,Noun,"In Hellenistic astrology, the planet with the greatest essential dignity in five important natal chart positions: the degree of the Sun; the degree of the Moon; the Ascendant; the Lot of Fortune; and the prenatal syzygy (that is, New Moon or Full Moon, whichever most closely preceded the birth).", astrology,,False,False,False,False,False,False,False,True
1041,earth sign,Noun,"Any of the three star signs Capricorn, Taurus and Virgo.", astrology,,False,False,False,False,False,False,False,True
20935,erect,Verb,"To cast or draw up (a figure of the heavens, horoscope etc.)", astrology,"1971, Keith Thomas, Religion and the Decline of Magic, Folio Society 2012, p. 332: In 1581 Parliament made it a statutory felony to erect figures, cast nativities, or calculate by prophecy how long the Queen would live or who would succeed her.",False,False,False,False,False,False,False,True
27047,exaltation,Noun,That placement of a planet in the zodiac in which it is deemed to exert its strongest influence, astrology,"1978, Lawrence Durrell, Livia, Faber Faber 1992 (Avignon Quintet), p. 483: He often stood there in a muse until dusk fell, and then darkness, while once in a while the moon, in her exaltation as the astrologers say, rose to remind him that such worldly musings meant nothing to the hostile universe without.",False,False,False,False,False,False,False,True
19441,peregrine,Adjective,Lacking essential dignity or debility.," astrology, of a planet",,False,False,False,False,False,False,False,True
38179,planet,Noun,"Each of the seven major bodies which move relative to the fixed stars in the night skythe Moon, Mercury, Venus, the Sun, Mars, Jupiter and Saturn", now historical or astrology,"[from 14thc.] 1603, Michel de Montaigne, chapter 12, in John Florio, transl., The Essayes,[], book II, printed at London: By Val[entine] Simmes for Edward Blount[], OCLC 946730821:Be they not dreames of humane vanity, [] to make of our knowne earth a bright shining planet [transl. astre]? 1749, Henry Fielding, Tom Jones, Folio Society, published 1973, page 288:The moon [] began to rise from her bed, where she had slumbered away the day, in order to sit up all night. Jones had not travelled far before he paid his compliments to that beautiful planet, and, turning to his companion, asked him if he had ever beheld so delicious an evening? 1971, Keith Thomas, Religion and the Decline of Magic, Folio Society, published 2012, page 361:Another of Boehme's followers, the Welshman Morgan Llwyd, also believed that the seven planets could be found within man.",False,False,False,False,False,False,False,True
815,Imum Coeli,Noun,"The point where the ecliptic crosses the northern meridian, said to represent the deep subconscious", astrology,"2006, Thomas Pynchon, Against the Day, Vintage 2007, p. 457: Appropriately, perhaps, it would also be here that they would make the fatal discovery which would bring them, inexorable as the Zodiac's wheel, to their Imum Cli. . . .",False,False,False,False,False,False,False,True
2173,Martian,Adjective,"Pertaining to the astrological influence of the planet Mars; aggressive, bellicose", astrology,"[from 14th c.] Synonym: Martial 1901, C. de Saint-Germain, The Planets, in Practical Astrology: A Simple Method of Casting Horoscopes:[], Chicago, Ill.: Laird Lee, publishers, OCLC 8459738, pages 8384:[T]he majority of human beings born under the influence of Marsthe Martians (or ""Martials"")are heavily built but physically strong. [...] [T]hey are easily angered, and, for the time being, forget everything in the excess of their violence. The worst Martian type will commit murder before he knows it.",False,False,False,False,False,False,False,True
2175,Martian,Noun,A person under the astrological influence of the planet Mars, astrology,"1901, C. de Saint-Germain, The Planets, in Practical Astrology: A Simple Method of Casting Horoscopes:[], Chicago, Ill.: Laird Lee, publishers, OCLC 8459738, pages 8384:[T]he majority of human beings born under the influence of Marsthe Martians (or ""Martials"")are heavily built but physically strong. [...] A male Martian is generally a great favorite with the ladies and is apt to be rather quick and unscrupulous in his courtship methods. He is not a sentimental lover. A bad Martian is a loud, fatiguing talker and a braggard.",False,False,False,False,False,False,False,True
2972,Mercurian,Noun,One who is mercurial, astrology,"1995, Man, Myth Magic:When a Mercurian is connected with the arts, it is often possible to discern a lack of the heavy, thoroughgoing seriousness which some artists seem to feel is the least that life deserves. 2000, Madame La Roux, The Practice of Classical Palmistry, ISBN, page 113:The thumb of a Mercurian has a tendency to be stiff, as they love money and may have difficulty sharing it. 2016, Ellen Goldberg Dorian Bergen, The Art and Science of Hand Reading, ISBN:Unfortunately yellow color is not unusual to find in the palm of a Mercurian.",False,False,False,False,False,False,False,True
3580,nativity,Noun,Someone's birth considered as a means of astrology; a horoscope associated with a person's birth, astrology,"[from 14th c.] 1616, Christopher Marlowe, Doctor Faustus, Scene 19, edited by Israel Gollancz, London: J.M. Dent, 1897, p. 92,[6] You stars that reignd at my nativity, Whose influence hath allotted death and hell, Now draw up Faustus, like a foggy mist, Into the entrails of yon labring clouds, That, when you vomit forth into the air, My limbs may issue from your smoky mouths, So that my soul may but ascend to heaven! 1722, Daniel Defoe, A Journal of the Plague Year, London: E. Nutt, J. Roberts, A. Dodd J. Graves, p. 32,[7] One Mischief always introduces another: These Terrors and Apprehensions of the People, led them into a Thousand weak, foolish, and wicked Things, which, they wanted not a Sort of People really wicked, to encourage them to; and this was running about to Fortune tellers, Cunning men, and Astrologers, to know their Fortune, or, as tis vulgarly expressd, to have their Fortunes told them, their Nativities calculated, and the like [] 1792, Mary Wollstonecraft, A Vindication of the Rights of Woman, Chapter 13, Section 1,[8] In this metropolis a number of lurking leeches infamously gain a subsistence by practising on the credulity of women, pretending to cast nativities, to use the technical phrase; and many females who, proud of their rank and fortune, look down on the vulgar with sovereign contempt, show by this credulity, that the distinction is arbitrary, and that they have not sufficiently cultivated their minds to rise above vulgar prejudices. 1815, Walter Scott, Guy Mannering or The Astrologer, Volume I, Chapter 3,[9] [] my good old tutor [] instilled into me enough of knowledge for erecting a scheme of nativity, and therefore will I presently go about it. 1971, Keith Thomas, Religion and the Decline of Magic, Folio Society 2012, p. 313: Accordingly [] he was careful, as befitted a Fellow of the Royal Society, to note the exact nativity of his subjects whenever it could be discovered; in this way he hoped to make possible a scientific comparison of the course of human life with the astrological circumstances of its inception, and thus to arrive at a more exact astrology.",False,False,False,False,False,False,False,True
4077,navamsa,Noun,"In Vedic astrology, a ninth part or division of a zodiac sign.", astrology,,False,False,False,False,False,False,False,True
1399,Leonian,Adjective,"Of, or pertaining to, the Leo star sign.", astrology,,False,False,False,False,False,False,False,True
1594,Libran,Adjective,"Of, or pertaining to, the Libra star sign.", astrology,,False,False,False,False,False,False,False,True
5594,vertex,Noun,The point where the prime vertical meets the ecliptic in the western hemisphere of a natal chart., astrology,,False,False,False,False,False,False,False,True
5926,vespertine,Adjective,That sets after the sun," astrology, of a planet or star","1822, Claudius Ptolemy, J. M. Ashmand (translator), Tetrabiblos, 2002, page 44, But, owing to the vespertine configuration of Jupiter and Mars, as well as the masculine condition of the anterior parts of the triplicity, and the feminine condition of its latter parts, the said nations regard women with scorn and indifference. 2004, Jean-Baptiste Morin, Anthony Louis LaBruzza (translator), Astrologia Gallica, Book 18, page 56, Finally, he[Ptolemy] says that the vespertine or second stations of the planets, especially those posited in the I.C. [4th House], and in the case of Mercury and Venus, when they are vespertine in day charts but matutine in night charts, signify temperaments that are ingenious, capable of hard work, and able to discern arcane matters, such as are seen in the nativities of magicians, prestidigitators, dream interpreters, and so on.",False,False,False,False,False,False,False,True
849,Oriental,Adjective,Pertaining to the eastern part of the sky; happening before sunrise," astronomy, astrology",[from 14th c.],False,False,False,False,False,False,False,True
7935,carbon-ferrous,Adjective,"Pertaining to a type of asteroid, meteor, or comet, that contains mainly the carbon element and iron.", astrology,,False,False,False,False,False,False,False,True
14952,cazimi,Noun,The position of the center of the sun in the sky., astrology,,False,False,False,False,False,False,False,True
15415,celestial body,Noun,"A natural object which is located outside of Earth's atmosphere, such as the Moon, the Sun, an asteroid, planet, or star."," astronomy, astrology",,False,False,False,False,False,False,False,True
15420,celestial object,Noun,"A natural object which is located outside of Earth's atmosphere, such as the Moon, the Sun, an asteroid, planet, or star"," astronomy, astrology","1999, ""Asteroid Is Called Fastest-Spinning Solar System Object,"" space.com, 22 Jul. (retrieved 9 Jan. 2009): It is only 100 feet across but it now has the honor of being the solar system's fastest-spinning celestial object. 2000, John Raymond Winks Jr., ""Natal zodiac chart,"" US Patent 6,015,295, abstract: A symbol for each desired celestial object, such as for each planet, the sun, and the moon are included along with a method for detachably attaching each of the symbols to the zodiac chart.",False,False,False,False,False,False,False,True
34558,classical planet,Noun,The seven non-fixed astronomical objects in the sky visible to the naked eye that where known in Ancient history," astrology, astronomy",,False,False,False,False,False,False,False,True
46516,combust,Adjective,"In close conjunction with the sun (so that its astrological influence is ""burnt up""), sometimes specified to be within 8 degrees 30'", astrology,"1621, Democritus Junior [pseudonym; Robert Burton], The Anatomy of Melancholy, Oxford: Printed by Iohn Lichfield and Iames Short, for Henry Cripps, OCLC 216894069; The Anatomy of Melancholy:[], 2nd corrected and augmented edition, Oxford: Printed by John Lichfield and James Short, for Henry Cripps, 1624, OCLC 54573970:, I.iii.1.3: Guianerius had a patient could make Latin verses when the moon was combust, otherwise illiterate. 1644, John Milton, Aeropagitica:Who can discern those planets that are oft Combust, and those stars of brightest magnitude that rise and set with the Sun, untill the opposite motion of their orbs bring them to such a place in the firmament, where they may be seen evning or morning.",False,False,False,False,False,False,False,True
54235,conjunction,Noun,An aspect in which planets are in close proximity to one another., astrology,,False,False,False,False,False,False,False,True
54249,conjunctive,Adjective,Relating to a conjunction (appearance in the sky of two astronomical objects with the same right ascension or the same ecliptical longitude).," astrology, astronomy",,False,False,False,False,False,False,False,True
55750,constellation,Noun,"The configuration of planets at a given time (notably of birth), as used for determining a horoscope.", astrology,,False,False,False,False,False,False,False,True
79361,cusp,Noun,A boundary between zodiacal signs and houses., astrology,,False,False,False,False,False,False,False,True
79374,cusper,Noun,"A person born on a day at a junction of star signs 1989 - Liz Greene - Astrology for Lovers And if you were bom on those tricky days which fall between two signs like 23 December, or 21 May then you are called a 'cusper', ...", astrology,,False,False,False,False,False,False,False,True
6692,kite,Noun,A planetary configuration wherein one planet of a grand trine is in opposition to an additional fourth planet, astrology,"1992, Erin Sullivan, Retrograde Planets: Traversing the Inner Landscape (Contemporary Astrology), London: Arkana Publishing, ISBN, pages 144145:Frequently a kite formation is created by one of the planets in the trine by its opposition to another planet, which allows expulsion and redirection of the pent-up energy associated with a closed circuit.",False,False,False,False,False,False,False,True
1738,Cancerian,Adjective,Of or pertaining to the astrological sign of Cancer., astrology,,False,False,False,False,False,False,False,True
1739,Cancerian,Noun,A person born under the astrological sign of Cancer., astrology,,False,False,False,False,False,False,False,True
1911,Capricornian,Adjective,"Of, or pertaining to, the Capricorn star sign.", astrology,,False,False,False,False,False,False,False,True
3405,Chirotic,Adjective,"Pertaining to Chiron, an asteroid-comet Centaur", astrology,,False,False,False,False,False,False,False,True
1101,Taurean,Adjective,"Of, or pertaining to, the star sign Taurus.", astrology,,False,False,False,False,False,False,False,True
1109,Taurine,Adjective,Of or pertaining to the zodiacal sign Taurus, astrology,"1913, Goodsell Observatory of Carleton College, Popular Astronomy[1], volume 21, page 158:Although it would seem that later Hindu Zodiacs began with the Ram also, established perhaps through Greek influence, yet early astromers testify to an ancient order in which Aquarius, on the banks of the Ganges, as in China, marked the Winter Solstice, an arrangement which as we have seen in our study of the ""Yellow Way"", would correspond to the Taurine Era of the Vernal Equinox. 1990, Joyce Wilson, Canadian Book Review Annual[2], page 94:Just as the world recently moved from a ""Taurine Age"" to a ""Piscean Age,"" we are now in that hazy astrological area where the ""Piscean Age"" is ending and an ""Aquarian Age"" is beginning. 1996, Trustees of Boston College, Religion and the Arts: A Journal from Boston College[3], volume 1, page 68:Even within the code of such worship, the choice of a calf, redolent of the former zodiacal Taurine age, is an offensive and retardataire sign in the age of Ares and suggests spiritual and social reaction and cowardice.",False,False,False,False,False,False,False,True
890,Virgoan,Adjective,"Of, or pertaining to, the Virgo star sign.", astrology,,False,False,False,False,False,False,False,True
3853,Aquarian,Adjective,Of or pertaining to the astrological sign of Aquarius., astrology,,False,False,False,False,False,False,False,True
3855,Aquarian,Noun,A person born under the astrological sign of Aquarius., astrology,,False,False,False,False,False,False,False,True
4154,Arietian,Adjective,Of or pertaining to the astrological sign of Aries., astrology,,False,False,False,False,False,False,False,True
4155,Arietian,Noun,A person born under the astrological sign of Aries, astrology,Synonym: Aries,False,False,False,False,False,False,False,True
5854,satellitium,Noun,A grouping of several planets in a sign., astrology,,False,False,False,False,False,False,False,True
6144,saturnal,Adjective,Of or pertaining to the Ancient Roman god Saturn or to the corresponding planetary entity in astrology," mythology, astrology","2004, Mantak Chia and Dirk Oellibrandt, Taoist Astral Healing: Chi Kung Healing Practices Using Star and Planet Energies, ISBN, p. 92: This increased period extends in the trans-Saturnal sphere of Uranus, Neptune and Pluto.",False,False,False,False,False,False,False,True
9095,schematism,Noun,The combination of the heavenly bodies., astrology,,False,False,False,False,False,False,False,True
9118,scheme,Noun,A representation of the aspects of the celestial bodies for any moment or at a given event, astrology,"Sir Walter Scott a blue case, from which was drawn a scheme of nativity",False,False,False,False,False,False,False,True
20955,semiquadrate,Noun,"An aspect of the planets when distant from each other by half a quadrant, or forty-five degrees, or one sign and a half.", astrology,,False,False,False,False,False,False,False,True
20971,semiquartile,Noun,A semiquadrate., astrology,,False,False,False,False,False,False,False,True
20980,semiquintile,Noun,"An aspect of the planets when distant from each other half of the quintile, or thirty-six degrees.", astrology,,False,False,False,False,False,False,False,True
21072,semisextile,Noun,"An aspect of the planets when they are distant from each other the twelfth part of a circle, or thirty degrees", astrology,(Can we find and add a quotation of Hutton to this entry?),False,False,False,False,False,False,False,True
21122,semisquare,Noun,An aspect made by two planets when they are 45 degrees apart from each other., astrology,,False,False,False,False,False,False,False,True
24283,sesquiquadrate,Adjective,Of or noting the aspect or position of any two celestial bodies separated by 135., astrology,,False,False,False,False,False,False,False,True
25739,sextile,Adjective,Of or denoting the aspect or position of any two celestial bodies separated by 60.," astronomy, astrology",,False,False,False,False,False,False,False,True
25742,sextile,Noun,A sextile aspect or position.," astronomy, astrology",,False,False,False,False,False,False,False,True
35208,sidereal astrology,Noun,A form of astrology that measures the position of the sun relative to the stars, astrology,"This compensates for the precession of Earth's axis, which causes the zodiac signs to move around the sky relative to the vernal equinox.",False,False,False,False,False,False,False,True
35877,sign,Noun,An astrological sign, astrology,Your sign is Taurus? That's no surprise.,False,False,False,False,False,False,False,True
36185,significator,Noun,A planet that is supposed to rule something, astrology,In this diagram there was one significator which pressed remarkably upon our astrologer's attention. Sir W. Scott,False,False,False,False,False,False,False,True
60088,spherical,Adjective,"Of or relating to the heavenly orbs, or to the sphere or spheres in which, according to ancient astronomy and astrology, they were set", astrology,"1606: William Shakespeare, King Lear, Act 1, Scene 2 Knaves, thieves, and treachers by spherical predominance.",False,False,False,False,False,False,False,True
66053,square,Noun,The position of planets distant ninety degrees from each other; a quadrate., astrology,,False,False,False,False,False,False,False,True
66083,square,Verb,To hold a quartile position respecting, astrology,(Can we date this quote?) Creech the icy Goat and Crab that square the Scales,False,False,False,False,False,False,False,True
69211,star,Noun,A planet supposed to influence one's destiny, astrology,"What's in the stars for you today? Find out in our horoscope. William Shakespeare O malignant and ill-brooding stars. Joseph Addison Blesses his stars, and thinks it luxury. 1898, Winston Churchill, chapter 5, in The Celebrity:But Miss Thorn relieved the situation by laughing aloud, [] . By the time we reached the house we were thanking our stars she had come.",False,False,False,False,False,False,False,True
69323,star sign,Noun,Any of the twelve astrological signs., astrology,,False,False,False,False,False,False,False,True
90536,super moon,Noun,Alternative form of supermoon, astrology,,False,False,False,False,False,False,False,True
92438,supermoon,Noun,"a full moon or new moon, when the EarthMoon distance is in the lowest tenth of its range 2014 September 7, Natalie Angier, The Moon comes around again [print version: Revisiting a moon that still has secrets to reveal: Supermoon revives interest in its violent origins and hidden face, International New York Times, 10 September 2014, p.8], in The New York Times[2]:And should the moon happen to hit its ever-shifting orbital perigee at the same time that it lies athwart from the sun, we are treated to a so-called supermoon, a full moon that can seem close enough to embrace as much as 12 percent bigger and 30 percent brighter than the average full moon"," astrology, astronomy","[] Some astronomers dislike the whole supermoon hoopla. They point out that the term originated with astrology, not astronomy; that perigee full moons are not all that rare, coming an average of every 13 months; and that their apparently swollen dimensions are often as much a matter of optical illusion and wishful blinking as of relative lunar nearness.",False,False,False,False,False,False,False,True
100065,synastry,Noun,concurrence of the position or influence of stars, astrology,,False,False,False,False,False,False,False,True
101529,syzygy,Noun,"A kind of unity, namely an alignment of three celestial bodies (for example, the Sun, Earth, and Moon) such that one body is directly between the other two, such as occurs at an eclipse."," astronomy, astrology",,False,False,False,False,False,False,False,True
11252,figure,Noun,A horoscope; the diagram of the aspects of the astrological houses, astrology,(Can we find and add a quotation of Johnson to this entry?),False,False,False,False,False,False,False,True
13590,fire sign,Noun,"Any of the three star signs Aries, Leo and Sagittarius.", astrology,,False,False,False,False,False,False,False,True
1206,Sagittarian,Adjective,"Of, or pertaining to, the Sagittarius star sign.", astrology,,False,False,False,False,False,False,False,True
1207,Sagittarian,Noun,Someone with the Sagittarius star sign., astrology,,False,False,False,False,False,False,False,True
2178,Scorpion,Adjective,"of, or pertaining to, the Scorpio star sign", astrology,,False,False,False,False,False,False,False,True
2179,Scorpionic,Adjective,Of or relating to Scorpio., astrology,,False,False,False,False,False,False,False,True
5228,SuperMoon,Noun,Alternative form of supermoon, astrology,,False,False,False,False,False,False,False,True
5230,Super Moon,Noun,Alternative form of supermoon, astrology,,False,False,False,False,False,False,False,True
5238,Supermoon,Noun,Alternative form of supermoon," astrology, astronomy",,False,False,False,False,False,False,False,True
5356,malefic,Noun,a malefic planet, astrology,,False,False,False,False,False,False,False,True
5357,malefic planet,Noun,A planet thought to bring bad luck to those born within its radius, astrology,,False,False,False,False,False,False,False,True
13055,matutine,Adjective,Before the sun (of the rising of a planet or star); that rises before the sun (of a planet or star), astrology,"1817, Ebenezer Sibly, The New and Complete Illustration of the Celestial Science of Astrology, Volume 2, Revised Edition, 1822 printing, page 1031, If, at the time of the matutine etting of the Dolphin, there be howers, there will be none at the riing of Arcturus. [] The matutine riing of the greater Dog begetteth heat, troubleth the eas, and changeth all things. 1975, Julius Firmicus Maternus], Jean Rhys Bram (translator), Ancient Astrology Theory And Practice: Matheseos libri VIII, page 39, Matutine planets are those which in their rising precede the Sun. [] We must also know in what conditions the matutine star rejoices and in what the vespertine star rejoices, for they are protected in a favorable position whenever they precede the Sun. 1990, George Noonan, Fixed Stars and Judicial Astrology, page 14, The star indicates much trouble for the native in whose chart it is matutine rising or setting, but if the aspect is matutine culmination Arcturus brings riches and honor.",False,False,False,False,False,False,False,True
19270,mercurial,Noun,"A person born under the influence of the planet Mercury; hence, a person having an animated, lively, quick-witted or volatile character", astrology,"[from 16th c.] 1622, Francis, Lord Verulam, Viscount St. Alban [i.e. Francis Bacon], The Historie of the Raigne of King Henry the Seventh,[], London: Printed by W[illiam] Stansby for Matthew Lownes, and William Barret, OCLC 1086746628, pages 112113:As for [Lambert] Simnell, there was not much in him, more then that hee was a handome Boy, and did not hame his Robes. But this Youth (of whom wee are now to peake) was uch a Mercuriall, as the like hath eldome beene knowne; and could make his owne part, if at any time hee chanced to bee out.",False,False,False,False,False,False,False,True
19274,mercurial,Adjective,Pertaining to the astrological influence of the planet Mercury; having the characteristics of a person under such influence (see adjective sense 1)," not comparable, astrology","[from 16th c.] 1682, Joseph Blagrave, [The Effects of Directions.] The Sun Directed unto Promittors., in Obadiah Blagrave, editor, Blagraves Introduction to Astrology. In Three Parts.[], London: Printed by E. Tyler, and R. Holt, for Obadiah Blagrave,[], OCLC 228724142, part III, page 254:The Sun to the Terms of Mercury. It inclineth the native to be Mercurial, given to tudy Arts and Sciences, and to delight in reading, and to follow his Calling with chearfulnes. 1852, William Lilly; Zadkiel [pseudonym; Richard James Morrison], Of the Ninth House and Its Questions. Long Journeys, Voyages, Arts, Science, Church Preferment, Law, c., in An Introduction to Astrology[]: A Grammar of Astrology, and Tables for Calculating Nativities.[], London: H[enry] G[eorge] Bohn,[], OCLC 1077929409, page 268:6thly, The separates from a of , and applies to of , lord of the 3d; which intimated that some neighbour of the querent, either with a letter, words, or cross information, would wholly destroy the querent's hopes; and that mercurial men, viz. scholars or divines, would be his enemies: [...]",False,False,False,False,False,False,False,True
28951,midheaven,Noun,The intersection of the ecliptic and meridian, astrology,,False,False,False,False,False,False,False,True
43399,moonchild,Noun,A Cancerian, astrology,"2007, Holiday Mathis, Rock Your Stars: Your Astrological Guide to Getting It All, The punk icon and bottle-blond beauty is a moonchild who, like most Cancer women, has a ""heart of glass.""",False,False,False,False,False,False,False,True
48446,muhurtam,Noun,"An auspicious day on which an important event, usually a wedding, can be held."," India, Hinduism, astrology",,False,False,False,False,False,False,False,True
992,Geminian,Adjective,"Of, or pertaining to, the Gemini star sign", astrology,,False,False,False,False,False,False,False,True
2830,Piscean,Adjective,"Of, or pertaining to, the Pisces star sign.", astrology,,False,False,False,False,False,False,False,True
16271,refranation,Noun,The failure of a planetary aspect to occur., astrology,,False,False,False,False,False,False,False,True
23094,lord,Noun,"The heavenly body considered to possess a dominant influence over an event, time, etc", astrology,"c. 1391, Geoffrey Chaucer, Treatise on the Astrolabe, ii. 4: The assendent, eke the lord of the assendent, may be shapen for to be fortunat or infortunat, as thus, a fortunat assendent clepen they whan at no wykkid planete, as Saturne or Mars, or elles the tail of the dragoun, is in e hows of the assendent.",False,False,False,False,False,False,False,True
25796,lunar mansion,Noun,"a segment of the ecliptic (often called a station or house) through which the moon moves in its orbit around the earth, often used by ancient cultures as part of their calendar system."," astronomy, astrology",,False,False,False,False,False,False,False,True
16770,air sign,Noun,"Any of the three star signs Aquarius, Gemini and Libra.", astrology,,False,False,False,False,False,False,False,True
23405,ambient,Noun,"The atmosphere; the surrounding air or sky; atmospheric components collectively such as air, clouds, water vapour, hail, etc", astrology,"1662 Thomas Salusbury, Galileo's Dialogue Concerning the Two Chief World Systems (Dialogue 2): It might be also, that attracted by that great void Vacuum ... all the ambients would be rarified, and particularly, the air.",False,False,False,False,False,False,False,True
28813,angle,Noun,"Any of the four cardinal points of an astrological chart: the Ascendant, the Midheaven, the Descendant and the Imum Coeli.", astrology,,False,False,False,False,False,False,False,True
36547,antiscion,Noun,"The mirror image, or shadow, of a planet, based upon a line of reference which is the axis of 0 Cancer/0 Capricorn (the position of the sun at the solstices).", astrology,,False,False,False,False,False,False,False,True
37399,antivertex,Noun,The point exactly opposite the vertex., astrology,,False,False,False,False,False,False,False,True
38318,apheta,Noun,The planet that has the most influence on a person's life., astrology,,False,False,False,False,False,False,False,True
38321,aphetic,Adjective,Of or relating to the apheta; life-giving., astrology,,False,False,False,False,False,False,False,True
38323,aphetically,Adverb,In an aphetic way: pertaining to the apheta., astrology,,False,False,False,False,False,False,False,True
46556,ascendant,Noun,"The horoscope, or that degree of the ecliptic which rises above the horizon at the moment of one's birth; supposed to have a commanding influence on a person's life and fortune", astrology,(Can we find and add a quotation of Burke to this entry?),False,False,False,False,False,False,False,True
47329,aspect,Noun,The relative position of heavenly bodies as they appear to an observer on earth; the angular relationship between points in a horoscope, astrology,"[from 14th c.] 1667, John Milton, Paradise Lost, Book X, lines 656 to 664. [] To the blanc moon / Her office they prescribed; to the other five / Their planetary motions, and aspects, / In sextile, square, and trine, and opposite, / Of noxious efficacy, and when to join / In synod unbenign; and taught the fix'd / their influence malignant when to shower, / Which of them rising with the sun, or falling / Should prove tempestuous: [] 1683, George Wharton, Of the Planetary Aspects, both Old and New, their Characters, and quations, in John Gadbury, editor, The Works of that Late Most Excellent Philosopher and Astronomer, Sir George Wharton, Bar[onet]. Collected into One Entire Volume, London: Printed by H. H. for John Leigh, at Stationers Hall, OCLC 6498633, page 90:Kepler (the Lyncus of the lat Age) defines an Apect in this manner: Apectus et Angulus Radiis Luminois binorum Planetarum in terra formatus, efficax ad timulandum naturam ublunarem. It is (aith he) an Angle made in the Earth by the Luminous Beams of two Planets, of trength to tir up the vertue of all ublunary things.",False,False,False,False,False,False,False,True
47333,aspect,Verb,To have a particular aspect or type of aspect.," astrology, of a planet",,False,False,False,False,False,False,False,True
49387,astrological sign,Noun,"Any of twelve signs, corresponding to constellations, that are used as the basis of astrology", astrology,,False,False,False,False,False,False,False,True
56693,ayanamsa,Noun,The amount of precession., Vedic astrology,,False,False,False,False,False,False,False,True
11653,term,Noun,An essential dignity in which unequal segments of every astrological sign have internal rulerships which affect the power and integrity of each planet in a natal chart., astrology,,False,False,False,False,False,False,False,True
12447,tertiary planet,Noun,"An aspect in astrology, a calculated node in a reading, that is not a real planet.", astrology,,False,False,False,False,False,False,False,True
23238,time twin,Noun,Either of two people born at the same time on the same day and thus supposed to have similar traits or life events., astrology,,False,False,False,False,False,False,False,True
29331,tortuous,Adjective,Oblique; applied to the six signs of the zodiac (from Capricorn to Gemini) that ascend most rapidly and obliquely, astrology,Skeat Infortunate ascendent tortuous.,False,False,False,False,False,False,False,True
39546,trigon,Noun,A division consisting of three signs.," countable, astrology",,False,False,False,False,False,False,False,True
39547,trigon,Noun,A trine; an aspect of two planets distant 120 degrees from each other," countable, astrology",(Can we find and add a quotation of Hutton to this entry?),False,False,False,False,False,False,False,True
40164,trine,Adjective,Denoting the aspect of two celestial bodies which are 120 apart, astrology,"1621, Democritus Junior [pseudonym; Robert Burton], The Anatomy of Melancholy, Oxford: Printed by Iohn Lichfield and Iames Short, for Henry Cripps, OCLC 216894069; The Anatomy of Melancholy:[], 2nd corrected and augmented edition, Oxford: Printed by John Lichfield and James Short, for Henry Cripps, 1624, OCLC 54573970, partition III, section 1, member 2, subsection ii:The physicians refer this to their temperament, astrologers to trine and sextile aspects, or opposite of their several ascendants, lords of their genitures, love and hatred of planets []",False,False,False,False,False,False,False,True
40166,trine,Noun,An aspect of two astrological bodies when 120 apart., astrology,,False,False,False,False,False,False,False,True
40167,trine,Verb,To put in the aspect of a trine," transitive, astrology",Dryden By fortune he [Saturn] was now to Venus trined.,False,False,False,False,False,False,False,True
40313,trioctile,Noun,"An aspect of two planets with regard to the Earth when they are three octants, or three eighths of a circle (135 degrees), distant from each other", astrology,(Can we find and add a quotation of Hutton to this entry?),False,False,False,False,False,False,False,True
40843,triplicity,Noun,The division of the signs according to the number of the elements., astrology,,False,False,False,False,False,False,False,True
42311,tropical astrology,Noun,A form of astrology that measures the position of the sun relative to the vernal equinox, astrology,"This does not compensate for the precession of Earth's axis, so that the zodiac signs move around the sky relative to the vernal equinox by about one sign every 2150 years.",False,False,False,False,False,False,False,True
