Unnamed: 0,term,pos,definition,domain,supplementary_info,obsolete,slang,dated,rare,vulgar,offensive,slur,astrology,mythology,jargon,euphemistic,informal,humorous,literary,literature
533,iceberg theory,Noun,"A minimalist literary approach used by Ernest Hemingway, according to which the writer should omit as much as possible, leaving the reader to infer it.", literature,,False,False,False,False,False,False,False,False,False,False,False,False,False,False,True
3172,imaginist,Noun,One of the Russian poets belonging to the imaginism movement, literature,"1929, Irma Duncan and Allan Ross Macdougall, Isadora Duncans Russian Days and Her Last Years in France, London: Victor Gollancz, Chapter 16, p. 133,[5] One evening, with no boisterous or bibulous Imaginists about her and no sign of any other callers, she suggested to the secretary of the school that they ought to play with the ouija board. 1938, N. de Basily, Russia under Soviet Rule: Twenty Years of Bolshevik Experiment, London: George Allen Unwin, Chapter 8, p. 427, note 3,[6] [] during the years of the civil war, scarcely any works of pure literature were printed at all. Poetry was recited orally: futurists and their close literary allies, the imaginists, organized poetry soires, open to the public, in Moscow cafs. 1949, D. S. Mirsky, A History of Russian Literature, London: Routledge Kegan Paul, Book Two, Chapter 6, pp. 494-5,[7] During the worst days of Bolshevk tyranny, when book publishing had become impossible, the imaginists were a living reminder of undying freedom; they were the only independent group that were not afraid to make themselves noticed by the authorities, and they were wonderfully skilled in getting their slender little collections and manifestoes printed by fair means or foul.",False,False,False,False,False,False,False,False,False,False,False,False,False,False,True
17901,interactive fiction,Noun,Text adventures and their descendants.," literature, uncountable",,False,False,False,False,False,False,False,False,False,False,False,False,False,False,True
19956,internal monologue,Noun,a representation of someone's thoughts as articulated, literature,,False,False,False,False,False,False,False,False,False,False,False,False,False,False,True
21766,intimist,Adjective,Introspective; concerned with inner life and psychological experiences," film, literature","1970, Donald Davie Angela Livingstone, Pasternak, page 76:However, he had not yet at that time fully displayed the principle of expression through intonation, the amazing ability to construct a line of verse in accordance with the most ready-to-hand, most colloquial speech - a characteristic which makes some critics group him with the intimist poets who write of the most complicated inner experiences, ostensibly inaccessible to the ordinary reader of today, and which makes others see him, no less mistakenly, as far too closely continuing the Futurists' methods of fashioning language. 2006, Susan Hayward, French National Cinema, ISBN:Now its form is a psychological/intimist film which is less perceivable as a genre because it slips over so many (i.e., thrillers, adventure, historical reconstruction, etc.). 2013, Sarah Hatchuel, Nathalie Vienne-Guerrin, Victoria Bladen, Shakespeare on screen: Macbeth, ISBN:For Barma, the close-up is an essential device to turn Macbeth into an intimist piece, but also to enhance realism and break away from the stage experience. 2016, Giorgio Caravale, Forbidden Prayer, ISBN:In actual fact, the project of redefining and purifying the Church's orthodox patrimony and the related re-establishment of an inward, intimist dimension of religion, which the head-on opposition in the early part of the century had unilaterally attributed to the Protestant enemy, was destined to gradually lose strength, with the setting of the sun on the generations of ecclesiastics who had themselves promoted the project and especially with the gradual disappearance of the Protestant menace.",False,False,False,False,False,False,False,False,False,False,False,False,False,False,True
8009,deconstruction,Noun,"A philosophical theory of textual criticism; a form of critical analysis that emphasizes inquiry into the variable projection of the meaning and message of critical works, the meaning in relation to the reader and the intended audience, and the assumptions implicit in the embodied forms of expression."," philosophy, literature",,False,False,False,False,False,False,False,False,False,False,False,False,False,False,True
42023,doublet,Noun,"In textual criticism, two different narrative accounts of the same actual event.", literature,,False,False,False,False,False,False,False,False,False,False,False,False,False,False,True
2512,zoomorphism,Noun,The use of animal figures in art and design or of animal symbols in literature.," art, literature",,False,False,False,False,False,False,False,False,False,False,False,False,False,False,True
7346,one-shot,Noun,A story of only one chapter., literature,,False,False,False,False,False,False,False,False,False,False,False,False,False,False,True
1491,backfill,Noun,"Material in a story set earlier in the past, providing history or context for the current action.", literature,,False,False,False,False,False,False,False,False,False,False,False,False,False,False,True
10139,bathos,Noun,"Risible failure on the part of a work of art to properly affect its audience, particularly owing to anticlimax: an abrupt transition in style or subject from high to low"," literature, the arts","banality: unaffectingly clich or trite treatment of a topic. immaturity: lack of serious treatment of a topic. hyperbole: excessiveness 1727, Alexander Pope, Peri Bathous:While a plain and direct Road is pav'd to their , or sublime; no Track has been yet chalk'd out to arrive at our , or profund.",False,False,False,False,False,False,False,False,False,False,False,False,False,False,True
10140,bathos,Noun,The ironic use of such failure for satiric or humorous effect.," literature, the arts",,False,False,False,False,False,False,False,False,False,False,False,False,False,False,True
30084,blank,Noun,Blank verse [since the 16th century]., literature,,False,False,False,False,False,False,False,False,False,False,False,False,False,False,True
916,Kinbotean,Noun,A proponent of an interpretation of Vladimir Nabokov's 1962 novel Pale Fire according to which the ostensible author John Shade is in fact an invention of the character Charles Kinbote., literature,,False,False,False,False,False,False,False,False,False,False,False,False,False,False,True
1565,KÃ¼nstlerroman,Noun,"A novel whose central character is an artist of any kind, and which shows his or her development from childhood to maturity.", literature,,False,False,False,False,False,False,False,False,False,False,False,False,False,False,True
369,hack-and-slash,Adjective,Shallowly devoted to the gory details, literature,"Stephen King, 1408 ""Oh yes, I meant it as a compliment."" Olin tapped the books. ""I expect to finish these... but for the writing. It's the writing I like. I was surprised to find myself laughing at your quite unsupernatural adventures in Gartsby Castle, and I was surprised to find you as good as you are. As subtle as you are. I expected more hack and slash.""",False,False,False,False,False,False,False,False,False,False,False,False,False,False,True
2668,halieutics,Noun,A treatise upon fish or the art of fishing., literature,,False,False,False,False,False,False,False,False,False,False,False,False,False,False,True
15581,heroicomical,Adjective,Blending heroic and comical elements, literature,a heroicomical poem,False,False,False,False,False,False,False,False,False,False,False,False,False,False,True
16146,heterodiegetic,Adjective,Of or relating to a narrator that does not take part in the plot.," literature, film",,False,False,False,False,False,False,False,False,False,False,False,False,False,False,True
16541,heteronym,Noun,A fictitious character created by an author for the purpose of writing in a different style., literature,,False,False,False,False,False,False,False,False,False,False,False,False,False,False,True
16863,heterotext,Noun,"A text that is heterogeneous, for example in being composed of several different languages.", literature,,False,False,False,False,False,False,False,False,False,False,False,False,False,False,True
17441,hexameron,Noun,A treatise concerning the biblical creation story., literature,,False,False,False,False,False,False,False,False,False,False,False,False,False,False,True
23928,homodiegetic,Adjective,Of or relating to the narrator of a dramatic work who is also the protagonist or other character in the work.," literature, film",,False,False,False,False,False,False,False,False,False,False,False,False,False,False,True
34298,hyperbole,Noun,"Deliberate or unintentional overstatement, particularly extreme overstatement"," uncountable, rhetoric, literature","1837, Nathaniel Hawthorne, Legends of the Province House The great staircase, however, may be termed, without much hyperbole, a feature of grandeur and magnificence. 1841, James Fenimore Cooper, The Deerslayer, ch. 28 ""Nay - nay - good Sumach,"" interrupted Deerslayer, whose love of truth was too indomitable to listen to such hyperbole with patience. c. 1910, Theodore Roosevelt, Productive Scholarship Of course the hymn has come to us from somewhere else, but I do not know from where; and the average native of our village firmly believes that it is indigenous to our own soilwhich it can not be, unless it deals in hyperbole, for the nearest approach to a river in our neighborhood is the village pond. 1995, Richard Klein, Introduction, in Cigarettes are sublime, Paperback edition, Durham: Duke University Press, published 1993, ISBN, OCLC 613939086, page 17:In these circumstances, hyperbole is called for, the rhetorical figure that raises its objects up, excessively, way above their actual merit: it is not to deceive by exaggeration that one overshoots the mark, but to allow the true value, the truth of what is insufficiently valued, to appear. 2001, Tom Bentley, Daniel Stedman Jones, The Moral Universe The perennial problem, especially for the BBC, has been to reconcile the hyperbole-driven agenda of newspapers with the requirement of balance, which is crucial to the public service remit.",False,False,False,False,False,False,False,False,False,False,False,False,False,False,True
7990,elegant variation,Noun,A form of journalese characterized by the overuse of synonyms for fear of repeating a word.," journalism, literature",,False,False,False,False,False,False,False,False,False,False,False,False,False,False,True
12312,encomium,Noun,"A genre of literature that included five elements: prologue, birth and upbringing, acts of the person's life, comparisons used to praise the subject, and an epilogue.", literature,,False,False,False,False,False,False,False,False,False,False,False,False,False,False,True
18416,epical,Noun,Any book containing 2 or more epics., literature,,False,False,False,False,False,False,False,False,False,False,False,False,False,False,True
19436,episodic,Adjective,made up a sequence of seemingly unconnected episodes I just read five attempts at episodic novels has nobody heard of a plot anymore?, literature,,False,False,False,False,False,False,False,False,False,False,False,False,False,False,True
21393,erom,Noun,A blend of erotica and romance., literature,,False,False,False,False,False,False,False,False,False,False,False,False,False,False,True
24491,eucatastrophe,Noun,A catastrophe (dramatic event leading to plot resolution) that results in the protagonist's well-being, literature,"[from 1944] [1944 November 7, J[ohn] R[onald] R[euel] Tolkien, 88. From a Letter to Christopher Tolkien[,] 28 October 1944 (FS 58), in Humphrey Carpenter with the assistance of Christopher Tolkien, editors, Letters of J. R. R. Tolkien, London: George Allen Unwin, published 1981, ISBN; The Letters of J. R. R. Tolkien, Houghton Mifflin paperback edition, Boston, Mass.; New York, N.Y.: Houghton Mifflin Company, 2000, ISBN, page 100:But at the story of the little boy (which is a fully attested fact of course) with its apparent sad ending and then its sudden unhoped-for happy ending, I was deeply moved and had that peculiar emotion we all have though not often. [] For it I coined the word eucatastrophe: the sudden happy turn in a story which pierces you with a joy that brings tears (which I argued it is the highest function of fairy-stories to produce).] 1988, Alzina Stone Dale, Prologue: J. Alfred Prufrock among the Prophets, in T. S. Eliot: The Philosopher Poet (The Wheaton Literary Series), Wheaton, Ill.: Harold Shaw, ISBN; T. S. Eliot: The Philsopher-Poet, Authors Guild Backprint.com edition, Lincoln, Neb.: iUniverse, 2004, ISBN, page 5:The ""problem"" of T[homas] S[tearns] Eliot comes partly from our post-Christian sense of a world where Tolkien's eucatastrophes never happen, and partly from the way we write biography. 2015, John J. Davenport, quoting Eleanor Helms, The Virtues of Ambivalence: Wholeheartedness as Existential Telos and the Unwillable Completion of Narravives, in John Lippitt and Patrick Stokes, editors, Narrative, Identity and the Kierkegaardian Self, Edinburgh: Edinburgh University Press, ISBN, page 159:Literary unity demands that once a eucatastrophe happens it must be accepted as part of the story rather than as an arbitrary whim of the author.",False,False,False,False,False,False,False,False,False,False,False,False,False,False,True
29469,exord,Noun,"A preface or prefatory passage 1830, Ferrario -- On Chivalry and Romance and Italian Romantic Poetry, in Foreign Quarterly Review[1], volume VI, number XIII, page 387:One peculiarity of Bello is his having first broken through the custom of religious invocations at the heads of his cantos, in place of which he substituted poetical exords, or reflections on the events of his narrative, or on circumstances connected with them.", literature,,False,False,False,False,False,False,False,False,False,False,False,False,False,False,True
8514,parataxis,Noun,"The juxtaposition of two images or fragments, usually starkly dissimilar, without a clear connection.", literature,,False,False,False,False,False,False,False,False,False,False,False,False,False,False,True
12657,pathos,Noun,An author's attempt to evoke a feeling of pity or sympathetic sorrow for a character., literature,,False,False,False,False,False,False,False,False,False,False,False,False,False,False,True
21052,periplus,Noun,"An account of a voyage, particularly those of Hanno and Arrian, recording ports and coastal landmarks", literature,"[1613] 1738, Pierre Bayle; John Peter Bernard; Thomas Birch; John Lockman [et al.], Hudson (Dr. John), in A General Dictionary, Historical and Critical, volume VI, London: Printed by James Bettenham, for G. Strahan, J. Clarke [et al.], OCLC 757563231, page 300, footnote B:Then follows a Periplus of the Euxine-Sea, which bears the name of Arrian, and was undoubtedly written by him in the time of Adrian, as the incription hews. 1800, William Vincent, The Periplus of the Erythrean Sea, volume I, London: Printed by Andrew Strahan, Printers Street; for Thomas Cadell, Jun. and W. Davies[], OCLC 54563433, page 3:The Peripls of the Erythran Sea is the title prefixed to a work which contains the bet account of the commerce carried on from the Red Sea and the coat of Africa to the Eat Indies, during the time that Egypt was a province of the Roman Empire. 1859, Leonhard Schmitz, Period of Historical Geography, from about B.C. 450, the Age of Herodotus, down to B.C. 276, or the Time of Eratosthenes, in A Manual of Ancient Geography [...] With a Map Showing the Retreat of the 10,000 Greeks under Xenophon, Philadelphia, Pa.: Blanchard and Lea, OCLC 780482658, page 25:Another great source of geographical information both for the ancients themselves and, so far as they still exist, for us also, are the Peripli (), that is, descriptions of the coasts of certain seas, in which the towns, ports, and promontories are enumerated, and often with their distances from one another. These peripli were drawn up for the guidance of sailors who had occasion to visit these seas for commercial and other purposes. 1974, Guy Davenport, Tatlin!, New York, N.Y.: Charles Scribners Sons, ISBN: [] the map of the world Ptolemy followed in his geography, finding the longitude that passed through the Gates of Herakles and the island of Rhodes, and placing north and south of it the world as recorded on the periploi of the Phoenician merchants. 1978, Periplus and Periegesis: Greek Maritime Writings, in George Kish, editor, A Source Book in Geography (Source Books in the History of the Sciences), Cambridge, Mass.; London: Harvard University Press, ISBN, page 24:A periplus of the Mediterranean: Greek sailing directions The following excerpt from one of the most complete periploi was attributed in the nineteenth century to the Greek merchant Scylax of Caryanda, known to have traded with settlements not only along the Red Sea but also on the shores of the Indian Ocean. 2016, Georgia Lynette Irby, Greek and Roman Cartography, in Georgia L. Irby, editor, A Companion to Science, Technology, and Medicine in Ancient Greece and Rome, volume II, Chichester, West Sussex; Hoboken, N.J.: John Wiley Sons, ISBN, page 827:Listing cities along a coast, periploi gave details about sailing conditions, harbors, what the area imported or exported, what tariffs to expect, whether the people were friendly or not, and what noteworthy landmarks and marvels (mirabilia) one might expect to see. Hanno, whose periplus of Africa (circa 480 bce) was aborted when supplies ran out, described strange peoples and animals, including Trogodytes clad in animal skins and wild men, called ""gorillas.""",False,False,False,False,False,False,False,False,False,False,False,False,False,False,True
31507,picaresque,Adjective,Characteristic of a genre of Spanish satiric novel dealing with the adventures of a roguish hero, literature,"1822, Art. I.Primera, y Segunda Parte de Guzman de Alfarache, por Matheo Aleman, Criado del Rey nuestro Senor, Natural, y Vezino de Sevilla. Madrid, 1723. 4to. The Rogue; or, The Life of Guzman de Alfarache. Written in the Spanish by Matheo Aleman, Servant to His Catholic Majestie, and Borne in Sevill. London, printed for Edward Blount, 1623., in The Retrospective Review, volume V, part II, London: Charles Baldwyn,[], OCLC 884714681, pages 189190:A mere piece of roguery told in the abstract, without the proper picaresque ornaments, its manifold sinuosities and dexterities, has no interest for the reader; it may recommend the executor of it to the administration of a cat-o-nine-tails, or to an honourable post in the gallies: but there is no music in it without the proper accompaniments. 1839, Henry Hallam, Section III. On Works of Fiction., in Introduction to the Literature of Europe, in the Fifteenth, Sixteenth, and Seventeenth Centuries, volume II, London: John Murray,[], OCLC 1010696630, paragraph 41, pages 435436:Spain became celebrated about the end of this century for her novels in the picaresque style, of which Lazarillo de Tormes is the oldest extant specimen. 1923, William J[oseph] Long, Eighteenth-century Literature, in Outlines of English Literature:[], Boston, Mass.; New York, N.Y.: Ginn and Company, OCLC 4226121, page 189:He [Daniel Defoe] produced an amazing variety of wares: newspapers, magazines, ghost stories, biographies, journals, memoirs, satires, picaresque romances, essays on religion, reform, trade, projects, in all more than two hundred works. 2009 November 1, Neil McDonald, Scaramouche and the Swashbuckler, in Quadrant[1], volume LIII, number 11 (number 461 overall), Sydney, N.S.W.: Quadrant Magazine Limited, ISSN 0033-5002, OCLC 241426229, archived from the original on 15 April 2018, page 103:Opening in France just before the Revolution and concluding just after the attack on the Tuileries, [Rafael] Sabatini's novel deftly combines historical romance, picaresque novel and revenge tragedy. 2014, Konstantin Mierau; Binne de Haan, Introduction: Bringing together Microhistory and the Picaresque Novel: Studying Menocchio, Guzmn de Alfarache, and Kin, in Binne de Haan and Konstantin Mierau, editors, Microhistory and the Picaresque Novel: A First Exploration into Commensurable Perspectives, Newcastle upon Tyne: Cambridge Scholars Publishing, ISBN, page 2:The picaresque novel finds its origins in the humanist search for an expansion of the historiographical genre. [...] The protagonist of the picaresque novel is the pcaro, a character of lowly descent who, by passing through a wide array of professions, attempts to rise in social standing.",False,False,False,False,False,False,False,False,False,False,False,False,False,False,True
31508,picaresque,Noun,A picaresque novel, literature,"1850 September, Art. I.History of Spanish Literature. By George Ticknor. 3 vols. 8vo. London, 1849. [book review], in John Taylor Coleridge, editor, The Quarterly Review, volume LXXXVII, number CLXXIV, London: John Murray,[], OCLC 1009026207, page 326:Du sublime au ridicule il n'y a qu'un pas [From the sublime to the ridiculous there is only one step]; and that step in Spain was taken by Diego Hurtado de Mendoza (already dealt with in his higher walk), the originator of the Picaresque, or low rogue's march novels, of which his Lazarillo de Tormes was the type [...] 1856, Louis de Lomnie, chapter XXVII, in Henry S. Edwards, transl., Beaumarchais and His Times. Sketches of French Society in the Eighteenth Century from Unpublished Documents. [...] In Four Volumes, volume IV, international copyright edition, London: Addey and Co.,[], OCLC 645381991, page 121:[T]he word picaro, which is almost synonymous with rogue, [...] has given a name to a whole series of novels in Spain called ""Picaresques,"" the heroes of which are adventurers. 1937, Ford Madox Ford, [Theodore] Drieser, in Portraits From Life:[], Boston, Mass.; New York, N.Y.: Houghton Mifflin Company;[], OCLC 1054401911, page 175:And we had agreed completely as to the main stream in the history of the novel as to its passing from Lope da Vega and the Spanish picaresques, by way of [Danie] Defoe and Richardson, to [Denis] Diderot, Stendahl and [Gustave] Flaubert [...] 1992, Kathryn Zabelle Derounian-Stodola, The New England Frontier and the Picaresque in Sarah Kemble Knights Journal, in Kathryn Zabelle Derounian-Stodola, editor, Early American Literature and Culture: Essays Honoring Harrison T. Meserole, Newark, N.J.: University of Delaware Press; Cranbury, N.J.; London: Associated University Presses, ISBN, pages 122123:In picaresques, the protagonist usually acts as narrator to provide coherence and unity to the genre's inherent structural weaknessits episodic plot.",False,False,False,False,False,False,False,False,False,False,False,False,False,False,True
43712,poetics,Noun,"The theory of poetry, or of literature in general 1988 October 21, Jonathan Rosenbaum, Bird Watching, in Chicago Reader[1]:Both significantly build on the poetics of death and dissolution that Black and Tan broached so powerfully [] ."," philosophy, literature",,False,False,False,False,False,False,False,False,False,False,False,False,False,False,True
44200,poioumenon,Noun,A specific type of metafiction in which the story is about the process of creation (sometimes the creation of the story itself), literature,"1991, Alastair Fowler, A History of English Literature The poioumenon has a long prehistory (hardly a tradition), going back through Beckett's trilogy and Carlyle's Sartor Resartus to Sterne's Tristram Shandy; but it is preeminently a postmodernist genre.",False,False,False,False,False,False,False,False,False,False,False,False,False,False,True
66481,procedural,Noun,"A type of literature, film, or television program involving a sequence of technical detail", literature,"2000, Gary Hausladen, Places for Dead Bodies (page 35) It is only fitting that the investigation of place-based police procedurals begins in America, where the police procedural was invented and turned into a literary art form.",False,False,False,False,False,False,False,False,False,False,False,False,False,False,True
70534,prose poem,Noun,"A literary text written in the manner of prosewithout the fixed lines, rhyme, and meter often characteristic of poetrybut nonetheless clearly possessing some of the distinctive attributes of poetry, such as lyrical language, evocation of feeling, vivid imagery, metaphor, and linguistic devices like assonance or alliteration", literature,"1839, Henry Wadsworth Longfellow, Hyperion: A Romance, ch. 3: ""He is the author of a very wild Mystery, or dramatic prose-poem, in which the Ocean, Mont-Blanc, and the Cathedral of Strassburg have parts to play."" 1910, O. Henry, ""A Sacrifice Hit"" in Whirligigs: Slayton made ""Love Is All"" the effort of his life. . . . It was a pure love-story, fine, elevated, romantic, passionatea prose poem that set the divine blessing of love (I am transposing from the manuscript) high above all earthly gifts and honours. 1915, John Galsworthy, in Preface to Green Mansions: A Romance of the Tropical Forest (1904) by W. H. Hudson: In form and spirit the book is unique, a simple romantic narrative transmuted by sheer glow of beauty into a prose poem. 2006 May 14, Richard Corliss, ""Get Your Motor Running,"" Time: So if you ask Lasseter about car love, you get an impromptu prose poem. ""Car love,"" he says, ""is the sound of a throaty V-8 rumbling and revving, the acceleration throwing you back in the seatespecially when you get on a beautiful, winding road and the light's dappling through the trees.""",False,False,False,False,False,False,False,False,False,False,False,False,False,False,True
74297,pseudogothic,Adjective,"sham-Gothic 1980, Marek Rostworowski, The National Museum in Cracow, the Czartoryski Collection Obviously, the style of romantic pseudogothic architecture was not invented by Isabel - the building at Puawy was preceded by several similar creations abroad and in Poland"," literature, architecture","1997, Jan Bondeson, A Cabinet of Medical Curiosities (page 97) Even a regular reader of the most dreadful pseudogothic periodicals must have felt a frisson of horror. 2004, Harold Bloom, English Romantic Poetry (page 295) The pseudogothic trappings that disfigure the first two cantos of Childe Harold are absent in Childe Harold III and IV, which we may discuss here as a unit even though the last canto was completed two years later in Italy.",False,False,False,False,False,False,False,False,False,False,False,False,False,False,True
1286,Mahjari,Adjective,Of or pertaining to the Mahjar., literature,,False,False,False,False,False,False,False,False,False,False,False,False,False,False,True
1828,Mantuanesque,Adjective,"Of or relating to a style of pastoral vision with religious overtones of the ""Good Shepherd"", as opposed to the Arcadian pastoral vision of innocent rural bliss.", literature,,False,False,False,False,False,False,False,False,False,False,False,False,False,False,True
1853,Manzonian,Adjective,"Of, pertaining to, or in the style of Alessandro Manzoni (17851873), Italian poet and novelist.", literature,,False,False,False,False,False,False,False,False,False,False,False,False,False,False,True
1854,Manzonian,Noun,"A follower of Alessandro Manzoni, or one who writes in his style.", literature,,False,False,False,False,False,False,False,False,False,False,False,False,False,False,True
854,nameplay,Noun,A play on words involving a person's name., literature,,False,False,False,False,False,False,False,False,False,False,False,False,False,False,True
3879,nature faker,Noun,A nature writer who misrepresents animals as having thoughts and feelings similar to those of humans.," literature, derogatory",,False,False,False,False,False,False,False,False,False,False,False,False,False,False,True
6706,neogothic,Adjective,Of or relating to a more recent iteration of a Gothic style (the Gothic Revival).," architecture, literature",,False,False,False,False,False,False,False,False,False,False,False,False,False,False,True
13890,noble savage,Noun,A stock character embodying the concept of an idealized indigene or outsider who has not been corrupted by civilization and therefore symbolizes humanity's innate goodness., literature,,False,False,False,False,False,False,False,False,False,False,False,False,False,False,True
18425,nondetective,Adjective,Not involving a detective (as many mystery novels do), literature,"2000, David Lehman, The perfect murder: a study in detection The closest character to Dupin in Poe's nondetective fiction is Roderick Usher in ""The Fall of the House of Usher,"" that gothic nightmare of decadence...",False,False,False,False,False,False,False,False,False,False,False,False,False,False,True
24494,nonsense,Noun,"A type of poetry that contains strange or surreal ideas, as, for example, that written by Edward Lear.", literature,,False,False,False,False,False,False,False,False,False,False,False,False,False,False,True
25749,nontragic,Adjective,Not tragic., literature,,False,False,False,False,False,False,False,False,False,False,False,False,False,False,True
28710,nouveau roman,Noun,A type of 1950s French novel that diverged from classical literary genres., literature,,False,False,False,False,False,False,False,False,False,False,False,False,False,False,True
28750,novelette,Noun,A short novel, literature,"[from 18th c.] Synonym: novella Coordinate terms: short story, novella, novel 2016 November 30, Adam Roberts, The best SF and fantasy books of 2016, in The Guardian[1]:Best novella was Nnedi Okorafors African-flavoured space opera Binti (Tor), while best novelette was Folding Beijing by Hao Jingfang, translated by Ken Liu.",False,False,False,False,False,False,False,False,False,False,False,False,False,False,True
28765,novelism,Noun,The dominance of the novel as a literary form.," uncountable, literature",,False,False,False,False,False,False,False,False,False,False,False,False,False,False,True
1625,Liebestod,Noun,An aria or duet performed in opera marking the suicide of lovers; a suicide," music, literature","1979, Angela Carter, The Company of Wolves, The Bloody Chamber, Vintage 2006, p. 138: She saw how his jaw began to slaver and the room was full of the clamour of the forest's Liebestod but the wise child never flinched []",False,False,False,False,False,False,False,False,False,False,False,False,False,False,True
87,Yahoo,Noun,"One of a race of brutes, who look and act similar to men, inhabiting the same land as the civilized Houyhnhnms.", literature,,False,False,False,False,False,False,False,False,False,False,False,False,False,False,True
1030,Neogothic,Adjective,"Alternative form of neogothic 1979, Sandro Gattei, Sandro Pirovano, Robert Mainardi, Trentino Alto Adige, page 464:The travelling engineer Frencesco Senweignoter designed the church at Falzes (1851) and also the front of the mausoleaum for Archduke Reiner in the principal church in Bolzano"," architecture, literature","The latter is a pleasing and correct example of the Neogothic style. 1992, Newsletter - Issues 47-65, page 90:The earlier periods, the original and ideas-phases of German Neogothic, have been well written up in English; now Lewis's work fills an important gap in English-language works on the later period; indeed, so far, there is no comparable work in German either. 1993, East Central Wisconsin Regional Planning Commission, City of Berlin intensive architectural/historical survey: final report:The Neogothic Revival style of the early 1900s sought to tame the excesses of the flamboyant High Victorian Gothic by turning to English Gothic architecture for inspiration. 1995, Icon to Cartoon: A Tribute to Sixten Ringbom, page 22:His interest in architecture was always strongly linked to his sense of responsibility for the care and preservation of the built environment. In 1973 he published an article on Early Neogothic in Finland. 2000, Juan Bassegoda Nonell, Antonio Gaudi: Master Architect:Toward the end of the nineteenth century, he made a series of designs in the Neogothic idiom of Martorell.",False,False,False,False,False,False,False,False,False,False,False,False,False,False,True
5044,verism,Noun,"Presenting common, everyday subjects, specifically eschewing the heroic or legendary."," art, literature",,False,False,False,False,False,False,False,False,False,False,False,False,False,False,True
10479,voice,Noun,A particular style or way of writing that expresses a certain tone or feeling., literature,,False,False,False,False,False,False,False,False,False,False,False,False,False,False,True
9877,carnivalize,Verb,To subvert (mainstream assumptions or literary styles) through humour and chaos," transitive, literature","1995, Ellen E. Berry, Genders 22: Postcommunism and the Body Politic, page 47:Gorenshtein carnivalizes Mother Russia herself and Ivanova carnivalizes love for Mother Russia. 1998, Helen Gilbert, Sightlines: race, gender, and nation in contemporary Australian theatre:The audience is then rapidly transported to the bizarre and excessively corporeal world of the forest people who, mostly misshapen, mute, and genetically deformed, nonetheless convey a tremendous vitality that carnivalizes classical form with formlessness.",False,False,False,False,False,False,False,False,False,False,False,False,False,False,True
12674,catalyst,Noun,An inciting incident that sets the successive conflict into motion., literature,,False,False,False,False,False,False,False,False,False,False,False,False,False,False,True
20003,chaotics,Noun,A recent branch of literary and cultural studies based on chaos theory and the inherent structure of apparently chaotic systems, literature,"1999, Hans C. Werner, Literary texts as nonlinear patterns As I see it, chaotics represents more of a general outlook, a set of ideas describing the world, including literary texts, in ways used in a number of different disciplines. 2000, Gordon Slethaug, Beautiful Chaos, page xii:The very process of discovering chaotics and overturning established views of science and systems chimes with the emphasis in literature of the day on uncertainty and indeterminacy, free play of the signifier, and rewritings of various sorts.",False,False,False,False,False,False,False,False,False,False,False,False,False,False,True
20428,charactonym,Noun,A name that is somehow descriptive of the character who bears it., literature,,False,False,False,False,False,False,False,False,False,False,False,False,False,False,True
34548,classical language,Noun,"An ancient language that has an independent tradition that arose mostly on its own, and has a large and rich body of ancient literature."," literature, linguistics",,False,False,False,False,False,False,False,False,False,False,False,False,False,False,True
42971,cognitive estrangement,Noun,"A narrative logic, characteristic of science fiction, whereby devices used in the story are lent plausibility by their being placed in the context of the fictional universe, which is imagined to be scientifically consistent"," literature, narratology","2003, Istvan Csicsery-Ronay, Jr., 7: Marxist theory and science fiction, Edward James, Farah Mendlesohn (editors), The Cambridge Companion to Science Fiction, Cambridge University Press, page 118, In his book Metamorphoses of Science Fiction (1979), Suvin introduced a number of ideas that remain central in sf criticism: cognitive estrangement, the novum and sf's genetic link with utopia. In the notion of cognitive estrangement, Suvin conflate two distict, but related, ideas of estrangement from earlier literary theory: ostranenie (de-familiarization) from the Russian Formalists, and Berthold Brecht's Verfremdungseffekt (alienation effect). [] Even more influential in sf theory than cognitive estrangement is Suvin's concept of the novum. 2005, Jan Johnson-Smith, American Science Fiction TV: Star Trek, Stargate and Beyond, I.B. Tauris, page 26, Cognitive estrangement can therefore be seen as defining the textual effects of such work: the text faxes its audience with something that will not fit into the existing patterns of verisimilitude, yet is being asserted and explored as fact. 2011, Roger Luckhurst, 1: In the Zone: Topologies of Genre Weirdness, Sara Wasson, Emily Alder (editors), Gothic Science Fiction 1980-2010, Liverpool University Press, page 21, Darko Suvin, the eminent theorist of science fiction, defined science fiction as a literature of cognitive estrangement, a genre in which the reader enters an imaginative world different or estranged from his or her empirical world, but different in a way that obeys rational causation or scientific law: thus, it is estranged cognitively.",False,False,False,False,False,False,False,False,False,False,False,False,False,False,True
51256,conceit,Noun,"An ingenious expression or metaphorical idea, especially in extended form or used as a literary or rhetorical device"," countable, rhetoric, literature",[from 16th c.],False,False,False,False,False,False,False,False,False,False,False,False,False,False,True
51262,conceited,Adjective,"Having an ingenious expression or metaphorical idea, especially in extended form or used as a literary or rhetorical device"," rhetoric, literature","2006, A. J. Smith, Metaphysical Wit, page 20:Conceited wit showed its character towards the end of the fifteenth century in the work of poets who made it their aim to exercise their hearers' minds with cleaver plays of metaphor and ingenious reasoning.",False,False,False,False,False,False,False,False,False,False,False,False,False,False,True
51643,concetto,Noun,Affected wit; a witty turn of phrase; a conceit, literature,"Synonym: conceit 1997, James Biester, Lyric Wonder: Rhetoric and Wit in Renaissance English Poetry, Cornell University Press (ISBN), page 32: Tasso in particular, Mirollo notes, treated the concetto ""as the equivalent in a lyric poem of plot in longer works."" Pellegrino, similarly, and with reference to Tasso, says that concetti ""are the soul and the form of a composition"" [] 2006, Vernon Hyde Minor, The Death of the Baroque and the Rhetoric of Good Taste, Cambridge University Press (ISBN), page 9: But to restrict the concetto to an idea or concept gives short shrift to the metaphorical and sometimes occult implications of the term. Conceit as discors concordia involves the comparison of unlike things, the finding of similarity in dissimilarity. (Can we find and add a quotation of Chesterfield to this entry?)",False,False,False,False,False,False,False,False,False,False,False,False,False,False,True
66146,countertext,Noun,"A text that opposes another, often by presenting similar events from a different perspective"," literature, social sciences","Alice Randall's novel ""The Wind Done Gone"" is a countertext to Margaret Mitchell's novel ""Gone with the Wind"".",False,False,False,False,False,False,False,False,False,False,False,False,False,False,True
66613,couplet,Noun,A pair of lines with rhyming end words., literature,,False,False,False,False,False,False,False,False,False,False,False,False,False,False,True
2423,Blochian,Adjective,"Of or relating to Robert Bloch (1917-1994), American writer, primarily of crime, horror, and science fiction.", literature,,False,False,False,False,False,False,False,False,False,False,False,False,False,False,True
4567,kickwriting,Noun,"A frenzied, first-person style of writing", literature,"1996, Jack Kerouac, Ann Charters, Selected letters, 1940-1956, ISBN, page 242:You must and will go on at all costs including comfort health kicks; but keep it kickwriting at all costs too, that is, write only what kicks you and keeps you overtime awake from sheer mad joy. 2011, Ann Charters, On the Road (Introduction), ISBN:A rapid typist, Kerouac hit on the idea of typing nonstop to get the 'kickwriting' momentum he wanted. 2011, Zahn Pesh, Cat-Cup Clones: A Fictional Memoir, ISBN, page v:... many experimental contemporariesan unplotted, visionary, kickwriting syntax. 2012, Nick Tasler, The Impulse Factor: Why Some of Us Play it Safe and Others Risk it All, ISBN:Only by using his free-flow style of kickwriting did Kerouac believe he could capture the vibrancy of the man that inspired the book, his friend Neal Cassady. 2016 September 16, Celia San Miguel, 22 Literary Tattoos That Book Lovers Will Appreciate, in The Stir:To master this ""kickwriting"" style, Kerouac taped together 12-foot-long pieces of drawing paper, creating a continuous roll for his typewriter.",False,False,False,False,False,False,False,False,False,False,False,False,False,False,True
8793,kobold,Noun,One of a diminutive and usually malevolent race of beings, fantasy literature,"2005, Scott Elliot Hicks, The Shattering Light of Stars, page 62, There were also various trolls like great smiling badgers, brownies darting about laughing, dwarves with large gray heads, sensuous mermaids, stony kobolds, green gnomes, sirens and many elves, who were busy purifying the sacred hilltop in a mythological cooperation marvelous to the soul's perception.",False,False,False,False,False,False,False,False,False,False,False,False,False,False,True
2828,Chaucerian,Adjective,Of or pertaining to Geoffrey Chaucer or his writings., literature,,False,False,False,False,False,False,False,False,False,False,False,False,False,False,True
2832,Chaucerism,Noun,"A phrase, etc", literature,that is characteristic of Geoffrey Chaucer or his writings.,False,False,False,False,False,False,False,False,False,False,False,False,False,False,True
2475,Tristanian,Adjective,"Of or pertaining to Sir Tristan, legendary Arthurian knight and tragic hero of the mediaeval romance Tristan and Iseult", literature,"2001, Bonnie Wheeler, Fiona Tolhurst (editors), On Arthurian Women: Essays in Memory of Maureen Fries, Scriptorium Press, page 274, With this assumption, that Tintagel haunted Hardy from 1870 to 1923, it becomes possible to suggest that not only was his Tristanian work infused with his life-long themes, but that Tristanian themes may have subtly influenced his earlier works as well. 2008, Isabel DiVanna, Reconstructing the Middle Ages, Cambridge Scholars, page 157, Although Brugger had already expressed this idea, it was because of Bedier's work that academics began to see Tristanian poems as unified literary works with a coherent narrative thread from the lovers' first meeting to their inevitable death:",False,False,False,False,False,False,False,False,False,False,False,False,False,False,True
2787,Algeresque,Adjective,"in the style of author Horatio Alger, typically of poor boys earning riches through wealthy benefactors.", literature,,False,False,False,False,False,False,False,False,False,False,False,False,False,False,True
3582,Angries,Noun,The Angry Young Men, literature,"1966, Stanley Kauffmann, A world on film: criticism and comment The Angries are not in revolt against poverty or exploitation as such... 2007, Christine Berberich, The image of the English gentleman in twentieth-century literature The 'Angries' ridiculed this notion with cliched representations of effeminate artists and intellectuals...",False,False,False,False,False,False,False,False,False,False,False,False,False,False,True
3583,Angry Young Man,Noun,"Any of a group of mostly working-class and middle-class British playwrights and novelists who rose to prominence in the 1950s, their works being characterized by harshness, realism, and disillusionment with traditional norms.", literature,,False,False,False,False,False,False,False,False,False,False,False,False,False,False,True
4502,Asimovian,Adjective,"Of or pertaining to Isaac Asimov (1920-1992) or his writings, especially science fiction.", literature,,False,False,False,False,False,False,False,False,False,False,False,False,False,False,True
4806,Augustan,Adjective,Pertaining to the Roman poetic literature during this time., literature,,False,False,False,False,False,False,False,False,False,False,False,False,False,False,True
4807,Augustan,Adjective,"Pertaining to the period of English literature during the first half of the 18th century, known for satire and political themes", literature,Jonathan Swift was an Augustan writer.,False,False,False,False,False,False,False,False,False,False,False,False,False,False,True
5012,sapphistry,Noun,A seductive style supposed to be associated with women writing for a female audience, literature,"1993, Janet Doubler Ward, JoAnna Stephens Mink, Communication and Women's Friendships Jane Marcus illustrates how Woolf embeds ""seductive sapphistry"" in her works.",False,False,False,False,False,False,False,False,False,False,False,False,False,False,True
6426,sausage factory,Noun,An unappealing process to generate something familiar., literature,,False,False,False,False,False,False,False,False,False,False,False,False,False,False,True
31399,shoot 'em up,Noun,"A short story, novel, television show, film, computer game, or other narrative which depicts considerable gunplay"," idiomatic, film, television, literature, video games","My wife won't watch this movie; it's a shoot em up. 1983, Popular Mechanics (volume 160, number 2, August 1983, page 88) The arcaders have it easy. All they need to do is drop a quarter into a machine to find out how good the latest shoot 'em up game really is. But for the home computer owner, it's another story. 1989, Duncan Macdonald, R-Type (video game review) in Your Sinclair issue 37, January 1989 An unmissable shoot 'em up.",False,False,False,False,False,False,False,False,False,False,False,False,False,False,True
55064,sottisier,Noun,A collection of jokes or stupid comments, literature,"2007, Clive James, Cultural Amnesia, p. 631 In the Israeli press, a constant feature is a sottisier of what the official Arab publications, including school textbooks, say about the eternal iniquity of the Jewish race and the holy necessity to eradicate it from the face of the Earth.",False,False,False,False,False,False,False,False,False,False,False,False,False,False,True
69836,startword,Noun,The first appearance of a genre in print, literature,"1875, THE CORHILL MAGAZINE , VOL XXXII, page 191:It was the translation of Ovid, Lucan, Seneca, and Virgil that gave English Elizabethan poetry the startword. 1926, Richard Garnett Edmund Gosse, English Literature: From the age of Johnson to the age of Tennyson:The attraction of the French romances of chivalry for William Morris, of Tuscan painting for D.G. Rossetti, of the spirit of English Gothic architecture for Christina Rossetti, of the combination of all these with Greek and Elizabethan elements for Mr. Swinburne, were to be traced back to startwords given by the prophetic author of the Seven Lamps of Architecture.",False,False,False,False,False,False,False,False,False,False,False,False,False,False,True
73338,stewpot,Noun,"A jumble, especially one that lacks intellectual coherence"," art, literature","2007 February 6, Michiko Kakutani, Dispatch From Gomorrah, Savaging the Cultural Left, in New York Times[2]:Its a nasty stewpot of intellectually untenable premises and irresponsible speculation that frequently reads like a Saturday Night Live parody of the crackpot right.",False,False,False,False,False,False,False,False,False,False,False,False,False,False,True
83834,subjunctivize,Verb,"To treat or discuss in a hypothetical way, as something that could conceivably be the case.", literature,,False,False,False,False,False,False,False,False,False,False,False,False,False,False,True
92990,supersaga,Noun,A literary work composed of a number of discrete narratives., literature,,False,False,False,False,False,False,False,False,False,False,False,False,False,False,True
99419,symbolist,Adjective,"Of or pertaining to the Symbolist movement in late 19th-century and early 20th-century European arts and literature 2007 April 15, Randy Kennedy, When Picasso and Braque Went to the Movies, in New York Times[1]:The general picture that has emerged is one of Cubism bubbling up out of a thick Parisian stew of symbolist poetry, Czanne, cafe society, African masks, absinthe and a fascination with all things mechanical and modern, mostly airplanes and automatons."," art, literature",,False,False,False,False,False,False,False,False,False,False,False,False,False,False,True
99872,synaesthesia,Noun,A literary or artistic device whereby one kind of sensation is described in the terms of another," art, literature","2006, Stephen Bowkett, Descriptive Writing, in Boys and Writing (Pocket PAL), London: Network Continuum Education, Continuum International Publishing Group, ISBN, page 38:Linking moods with colours is one example of synaesthesia. [] As a tool for improving writing, the idea of synaesthesia is versatile and innovative. Why use only visual references to describe visual impressions? Why just describe sounds using sound-related words? Play with cross-matching the senses. 2007, Antti-Ville Krj, Visions of a Sound Nation: Finnish Music Videos and Secured Otherness, in Roger Beebe and Jason Middleton, editors, Medium Cool: Music Videos from Soundies to Cellphones, Durham, N.C.; London: Duke University Press, ISBN, page 181:[I]t may be stated that the concept of synaesthesia is instrumental for understanding music videos, since videos are based on the soundtrack's visual associations. Yet to discuss associations here may cause some problems. [] [Nicholas Cook] seems to be relying on a rather normative conception of synaesthesia, which for its part supports the idea of absolute, nonrepresentational music. The implication of his discussion is that the ""true"" forms of musicimage synaesthesia come only in the forms of perception of color or light when hearing a certain musical sound.",False,False,False,False,False,False,False,False,False,False,False,False,False,False,True
211,fabula,Noun,A series of events forming the basis of a story or narrative.," literature, film studies",,False,False,False,False,False,False,False,False,False,False,False,False,False,False,True
234,fabulism,Noun,A form of magic realism in which fantastical elements are placed into an everyday setting., literature,,False,False,False,False,False,False,False,False,False,False,False,False,False,False,True
2428,falling action,Noun,The events of a drama after the climax (or crisis) but before the denouement (or resolution).," literature, drama",,False,False,False,False,False,False,False,False,False,False,False,False,False,False,True
3783,fantastique,Noun,"A genre of literature and film that overlaps with science fiction, horror and fantasy; associated chiefly with French literature 1988, January 29, Jonathan Rosenbaum, in Invitation to the Trance[1]:And certainly the film's free-floating fantasy and the blatant transparency of its narrative--its capacity to be seen for the artifice that it is--are a lot closer to fantastique than they are to the more logically circumscribed forms of fancy celebrated in this country."," art, literature",,False,False,False,False,False,False,False,False,False,False,False,False,False,False,True
3788,fantasy,Noun,"The literary genre generally dealing with themes of magic and the supernatural, imaginary worlds and creatures, etc.", literature,,False,False,False,False,False,False,False,False,False,False,False,False,False,False,True
10291,fictography,Noun,A fictionalized biography; a biography written about a fictional character, literature,"For example, Gulliver's Travels written by Jonathan Swift but presented as being written by Lemuel Gulliver, the novel's main character.",False,False,False,False,False,False,False,False,False,False,False,False,False,False,True
11996,filmic,Adjective,Of or relating to movies; cinematic., literature,,False,False,False,False,False,False,False,False,False,False,False,False,False,False,True
22350,focalization,Noun,The perspective through which a narrative is presented., literature,,False,False,False,False,False,False,False,False,False,False,False,False,False,False,True
27060,formalism,Noun,An approach to interpretation and/or evaluation focused on the (usually linguistic) structure of a literary work rather than on the contexts of its origin or reception., literature,,False,False,False,False,False,False,False,False,False,False,False,False,False,False,True
29618,fragmentism,Noun,"An Italian literary movement, from the period just before the First World War, characterised by the use of short pieces of dramatic prose and fragmentary images", literature,,False,False,False,False,False,False,False,False,False,False,False,False,False,False,True
3593,Sitwellian,Adjective,Of or pertaining to the Sitwell literary family or any of its members., literature,,False,False,False,False,False,False,False,False,False,False,False,False,False,False,True
191,macaronic,Adjective,Written in a hodgepodge mixture of two or more languages., literature,,False,False,False,False,False,False,False,False,False,False,False,False,False,False,True
193,macaronic,Noun,A work of macaronic character., literature,,False,False,False,False,False,False,False,False,False,False,False,False,False,False,True
15827,meet,Verb,"To be mixed with, to be combined with aspects of"," of literature, movies, etc.","1991, Stephen Fry, The Liar, p. 28: I'm planning a sort of fabliau comparing this place with a fascist state, said Sampson, sort of Animal Farm meets Arturo Ui...",False,False,False,False,False,False,False,False,False,False,False,False,False,False,True
19543,merism,Noun,"A reference to something by its polar extremes, as in ""we searched high and low""."," literature, rhetoric",,False,False,False,False,False,False,False,False,False,False,False,False,False,False,True
19544,merism,Noun,A reference to something by a list of its parts.," literature, rhetoric",,False,False,False,False,False,False,False,False,False,False,False,False,False,False,True
26152,microformal,Adjective,"Pertaining to the characteristics and patterns of lines or phrases, as opposed to the structure of the entire work"," literature, poetry","1993, Claudio Guilln, The challenge of comparative literature - Volume 42, page 174:Other microformal characteristics also mark these traditional, oral tales, such as the absence of the necessary enjambment the basic element is the line or the the hemistich, as also in the romancero -- and what Parry calls the thrift of formulaic art (""each position in the verse tends to allow one way rather than many ways of saying any one thing"" if we are speaking of a single bard), a quality also found in Hesiod. 2010, Michael Carl Schoenfeldt Michael Schoenfeldt, A Companion to Shakespeare's Sonnets, ISBN, page 254:Shakespeare's microformal analysis is the commensurate response to a world of forms emerging into and out of relation. 2015, Evelyn Reynolds, Beowulf's Poetics of Absorption: Narrative Syntax and the Illusion of Stability in the Fight with Grendel's Mother, in Essays in Medieval Studies, volume 31:Each of these pieces deals with the microformal elements of the text in ways that underpin my larger, structural argument about the imaginative effect of the text.",False,False,False,False,False,False,False,False,False,False,False,False,False,False,True
38212,mockheroic,Adjective,Pertaining to a literary mode in which trivial subjects or characters are treated using the elaborate language devices of the heroic style., literature,,False,False,False,False,False,False,False,False,False,False,False,False,False,False,True
38213,mockheroic,Noun,A work in the mockheroic style., literature,,False,False,False,False,False,False,False,False,False,False,False,False,False,False,True
40782,mono-verse,Noun,A poem or song consisting of a single verse, literature,"1973, :It may be mentioned, in this connection, that while the melodies in GrameGeya and the Aranyaka are based on mono-verses those in the Uha and Rahasya are elaborated generally on tfcas, triple Tcas, from the Uttara Arcika of the Samaveda. 2002, Harvard Oriental Series - Volume 2; Volume 58:In many places trcas are divided into ekarcas, hymns of mono-verses; maybe this MS follows a different version of SV. 2014 September, N Naumenko, The Short Story Through the Prism of Literary Mastery, in Comparative Literature:However, the notes would remain unchanged and thus perceived as a mono-verse, a verset or a stanza (not only for a poet, but also for a prose writer), leaving enough possibilities for mutual creation with a recipient.",False,False,False,False,False,False,False,False,False,False,False,False,False,False,True
55329,mythos,Noun,A recurring theme; a motif, literature,"1984, Kathryn Hume, Fantasy as a Function of Form, in Fantasy and Mimesis: Responses to Reality in Western Literature, New York, N.Y.: Methuen, ISBN; republished Abingdon, Oxon.; New York, N.Y.: Routledge, 2014, ISBN, part III (The Functions of Fantasy: why Use Fantasy?), page 151:To get most benefit from the four mythoi, one must avoid making two errors. First, a work embodying the comic mythos may be called comic but should not be confused with comedy since the latter term has too many meanings that are exclusively dramatic. The same stricture applies to tragedy and the tragic mythos. The second error is to assume that a work embodying the ironic mythos is an anti-romance. 2011, Laura Vivanco, Mythoi, in John Lennard, editor, For Love and Money: The Literary Art of the Harlequin Mills Boon Romance (Genre Fiction Monographs), Penrith, Cumbria: Humanities-Ebooks, ISBN, page 76:In addition to mythoi drawn from myths and fairy tales, romances also employ mythoi derived from chivalric romances.",False,False,False,False,False,False,False,False,False,False,False,False,False,False,True
1894,Rowleian,Adjective,"Of or pertaining to the literary style and characters of plays by William Rowley (ca1585-1626), English playright", literature,"1988, Ann Thompson, The Modern Language Review[1], volume 83, number 4, page 945n:The style of which is neither Rowleian nor Shakespearean but a particular blending of both. 1991, Mark Dominik, William Rowley, in William Shakespeare and the Birth of Merlin[2]], page 33:Tim [Bloodhound] shows many signs of being a typical Rowleian clown; he is a fat clown, judging from his joke about breaking his girdle.",False,False,False,False,False,False,False,False,False,False,False,False,False,False,True
1895,Rowleian,Adjective,"Of or pertaining to the work of (fictional) poet Thomas Rowley, a pseudonym of Thomas Chatterton (1752-1770), English poet", literature,"1782, Horace Walpole, The Letters of Horace Walpole: Earl of Orford[3], page 319:Mr. Tyrwhitt's book on the Rowleian controversy, which is reckoned completely victorious, are all the novelties I have seen since I left town. 1898, Henry A. Beers, A History of English Romanticism in the Eighteenth Century[4]:Chatterton... also imparted to Barrett two Rowleian poems, ""The Parliament of Sprites,"" and ""The Battle of Hastings"" (in two quite different versions). 1898, Henry A. Beers, A History of English Romanticism in the Eighteenth Century[5]:Tyrwhitt pointed out that the Rowleian dialect was not English of the fifteenth century, nor of any century, but a grotesque jumble of archaic words of very different periods and dialects.",False,False,False,False,False,False,False,False,False,False,False,False,False,False,True
1625,Gogolesque,Adjective,Reminiscent of the works of Nikolai Gogol., literature,,False,False,False,False,False,False,False,False,False,False,False,False,False,False,True
1626,Gogolian,Adjective,Of or relating to the Russian-Empire writer Nikolai Gogol (18091852) or his works, literature,"1889, Georg Morris Cohen Brandes, Samuel C. Eastman transl., Impressions of Russia, New York: Thomas Y. Crowell, p263: Tchernuishevski presented and criticised John Stuart Mill's Political Economy, the sthetic criticism of the Gogolian period, the party quarrels in France during the Restoration, Lessing and his age, etc., treated with the same superiority subjects of widely different kinds, but had his principal interests centred on the solution of certain great social problems,the arrangement of the relations between the sexes, the abolition of serfdom, the abrogation of all individual property in land for the good of the community.",False,False,False,False,False,False,False,False,False,False,False,False,False,False,True
1846,Gothic,Adjective,"Of or relating to the style of fictional writing associated with the Gothic revival, emphasizing violent or macabre events in a mysterious, desolate setting", literature,"[from early 19th c.] Gothic tales 1975, John V. Murphy, The Dark Angel: Gothic Elements in Shelley's Works, Bucknell University Press (ISBN), page 9: Shelley's two early novels Zastrozzi and St. Irvyne are, as many scholars have noted, obviously connected to the tradition of the Gothic novel; as well, two volumes of early poetry contain Gothic elements and his tragedy The Cenci has been []",False,False,False,False,False,False,False,False,False,False,False,False,False,False,True
1855,Gothic double,Noun,"An essential duality within a single character, centred on the polarity of good and evil", literature,"Robert Louis Stevenson's ""Strange Case of Dr Jekyll and Mr Hyde"" involves a Gothic double.",False,False,False,False,False,False,False,False,False,False,False,False,False,False,True
1874,Gothicness,Noun,The state or condition of being Gothic.," architecture, literature",,False,False,False,False,False,False,False,False,False,False,False,False,False,False,True
1771,Parnassianism,Noun,A French literary style which began during the positivist period of the 19th century, literature,"1983, David T. Haberly, Three Sad Races: Racial Identity and National Consciousness in Brazilian Literature, Cambridge University Press, page 100, The leading poets of Parnassianism, like Machado, were utterly respectable and middle classs, good family men; many were bureaucrats, and they were proud that they had freed poets from ""the obligation to wear their hair long"" (Bilac, in Broca, 1960:7). Symbolism was enormously influential in almost every other Western culture; it never had a chance in Brazil, in a literary world dominated by Parnassianism and its disciples. 1995, David Weir, Decadence and the Making of Modernism, University of Massachusetts Press, page 36, The autonomy of art, the distaste for the bourgeois world, the heightening of artifice, the affinity for sculpture and architecture, the use of exotic imagery in an objective way all these are general elements of Parnassianism that seem to have found their way into Salammb. 1996, Marta Peixoto, 11: Brazilian Poetry from 1900 to 1912, Roberto Gonzalez Echevarra, Enrique Pupo-Walker (editors), The Cambridge History of Latin American Literature, Volume 3, Cambridge University Press, page 233, Positioned between the rise of Parnassianism and Symbolism in the last two decades of the nineteenth century and the drastic innovations of Modernism in 1911, the period from 1900 to 1911 brought no dramatic changes of direction to Brazilian poetry.",False,False,False,False,False,False,False,False,False,False,False,False,False,False,True
14591,unity of time,Noun,The classical unity that states that the action of a play should take place over no more than 24 hours., literature,,False,False,False,False,False,False,False,False,False,False,False,False,False,False,True
631,jade stalk,Noun,"The penis, especially in reference to sex", in East Asian literature,Then he inserts the Jade Stalk in her interior. [1],False,False,False,False,False,False,False,False,False,False,False,False,False,False,True
6219,just-so story,Noun,A story used as an explanation of a current state of affairs.," anthropology, social sciences, literature",,False,False,False,False,False,False,False,False,False,False,False,False,False,False,True
6415,juvenile,Noun,A publication for young adult readers, literature,"1958, The Author and Journalist, volume 4243, Denver, Colo.: H. Ellithrope, OCLC 8701031, page lxxxiv, column 1:Formerly a publisher of juveniles, out of the market till 1959, when it will enter adult fiction field.",False,False,False,False,False,False,False,False,False,False,False,False,False,False,True
6436,juvenilia,Noun,Works produced during an artist's or author's youth," literature, plural only","[from 1620s] 1693, John Dryden, 'A Discourse on the Origin and Progress of Satire'[1]:...rhyme was not his [Milton's] talent; he had neither the ease of doing it, nor the graces of it: which is manifest in his ""Juvenilia"" or verses written in his youth, where his rhyme is always constrained and forced,... 1996, Kathryn Lindskoog, 'Light in the Shadowlands'[2]:Lewiss juvenilia is childlike, and the way it has been handled is childish. 1997, Tomoko Kuribayashi; Julie Tharp edd., quoting Susan Anne Carlson, Incest and Rage in Charlotte Bronts Novelettes,[3], quoted in 'Creating Safe Space,':Though there is a large body of criticism on Bronts novels, there are very few interpretations of the juvenilia, [] 2003, James Fenton, 'The Strength of Poetry'[4]:The last line, adapted from Coleridge, reminds us that we are never such kleptomaniacs as in our juvenilia.",False,False,False,False,False,False,False,False,False,False,False,False,False,False,True
3301,raisonneur,Noun,A person in a play or book embodying an author's viewpoint., literature,,False,False,False,False,False,False,False,False,False,False,False,False,False,False,True
4291,ranger,Noun,"A warrior character, often with wilderness and stealth skill, who typically travels the countryside.", literature;; role-playing games,,False,False,False,False,False,False,False,False,False,False,False,False,False,False,True
7852,realist,Noun,An adherent of the realism movement; an artist who seeks to portray real everyday life accurately.," art, literature",,False,False,False,False,False,False,False,False,False,False,False,False,False,False,True
11217,recondite,Adjective,"Difficult, obscure; particularly: Abstruse, profound, difficult to grasp 1619, John Bainbridge, Astronomicall description of the late comet, 42 I hope this new Messenger from Heauen doth bring happie tidings of some munificent and liberall Patron..", of areas of study and literature,"by whose gracious bountie the most recondite mysteries of this abstruse and diuine science shall at length be manifested. ante 1894, Robert Louis Stevenson, Amateur Emigrant (1895), 40 Humanly speaking, it is a more important matter to play the fiddle, even badly, than to write huge works upon recondite subjects. Esoteric, little known; secret 1644, John Bulwer, Chirologia: or The naturall language of the hand. Whereunto is added Chironomic or the Art of manuall rhetoricke, 137 There was in the man much learning, and that of the more inward recondit, a great Antiquary, and one that had a certain large possession of Divine and Humane Lawes. 1722, F. Lee, Epistolary Discourses, 41 The Apostle Paul had taken up many things out of these Recondite and Apocryphal Writings. 1817, Samuel Taylor Coleridge, Biographia Literaria, I. iii. 65 [Of Southey:] I look in vain for any writer who has conveyed so much information, from so many and such recondite sources. 1849, Herman Melville, Mardi: and A Voyage Thither, II. 67 But I beseech thee, wise Doxodox! instruct me in thy dialectics, that I may embrace thy more recondite lore. 1921, Joseph Conrad, Secret Agent, Preface in Works, VIII. page xvii Suggestions for certain personages... came from various sources which... some reader may have recognized. They are not very recondite. 1948, William Somerset Maugham, Catalina, xv. 83 He was never at a loss for a recondite allusion. 1992 Autumn, American Scholar, 576/1 It was hardly foreordained that a poor orphan from darkest Brittany... working in the recondite realms of Semitic philology, should play such a role in his time. 2004, Alexander McCall Smith, Sunday Philosophy Club, xxi. 224 While oenophiles resorted to recondite adjectives, whisky [sic] nosers spoke the language of everyday life. (of writers) Deliberately obscure; employing abstruse or esoteric allusions or references 1788, Vicesimus Knox, Winter Evenings, II. v. i. 109 They afford a lesson to the modern metaphysical and recondite writers not to overvalue their works. 1817, Samuel Taylor Coleridge, Biographia literaria; or, Biographical sketches of my literary life and opinions, II. xxii. 172 In the play of fancy, Wordsworth, to my feelings, is not always graceful and sometimes recondite. 2004 Autumn, American Scholar, 129 The voices of recondite writers quoted at length, forgotten storytellers weaving narratives, obscure scholars savaging one another. (of scholars) Learned, having mastery over one's field, including its esoteric minutiae 1836, Edward Bulwer-Lytton, ""Sir Thomas Browne"" in The Critical and Miscellaneous Writings of Sir Edward Lytton (1841), II, 41 It is delightful to see this recondite scholar this contemplative and refining dreamer in the centre of his happy nor unworthy household. 1891, George T. Ferris, The Great German Composers [Of J.S. Bach]: Our musician rapidly became known far and wide throughout the musical centres of Germany as a learned and recondite composer. 1998, Gene H. Bell-Villada, Art for Art's Sake Literary Life, 1 Cousin's lectures take their initial cue from the weighty treatises of a remote, recondite thinker named Immanuel Kant.",False,False,False,False,False,False,False,False,False,False,False,False,False,False,True
26165,resolution,Noun,The moment in which the conflict ends and the outcome of the action is clear., literature,,False,False,False,False,False,False,False,False,False,False,False,False,False,False,True
29324,retrogarde,Adjective,"Descriptive of an art movement, particularly in Slovenia, that looks back to the past, as opposed to avantgarde."," art, literature",,False,False,False,False,False,False,False,False,False,False,False,False,False,False,True
7108,genre-savvy,Adjective,aware of the elements that are typically found in a particular genre; able to recognize and/or predict the tropes that come into play, literature,,False,False,False,False,False,False,False,False,False,False,False,False,False,False,True
25483,grimdark,Noun,"The literary genre of speculative fiction that is dystopian, amoral, or violent.", literature,,False,False,False,False,False,False,False,False,False,False,False,False,False,False,True
25846,gritty,Adjective,"Intense and starkly realistic, especially if violent."," film, literature",,False,False,False,False,False,False,False,False,False,False,False,False,False,False,True
26319,grotesquerie,Noun,"A genre of literature that was popular in the early 20th century, and practiced by writers such as Ambrose Bierce and Fritz Leiber.", literature,,False,False,False,False,False,False,False,False,False,False,False,False,False,False,True
2082,lakish,Adjective,Characteristic of the Lake poets, literature,"1812, James and Horace Smith, Rejected Addresses, The Edinburgh Review, November 1812, p. 445,[3] We have next Playhouse Musings, by Mr Coleridgea piece which is unquestionably Lakishthough we cannot say that we recognize in it any of the peculiar traits of that powerful and misdirected genius whose name it has borrowed.",False,False,False,False,False,False,False,False,False,False,False,False,False,False,True
5494,latrinal,Adjective,"Related to defecation or other taboo body functions, scatological"," literature, humor","1914, Charles Mills Gayley, Representative English Comedies: The Later Contemporaries of Shakespeare: Fletcher and Others, page xxiii:As for the verbal humour, it is normally pornographic; but it achieves the latrinal. 2015, Susan Signe Morrison, The Literature of Waste, acknowledgements:Ieva Reklaitykes work in Kalamazoo on sewers unclogged my mind, Martha Baylesss latrinal insights were pleasantly pungent, and Kevin J. Wanner guided me to Eyrbyggja Saga.",False,False,False,False,False,False,False,False,False,False,False,False,False,False,True
9218,legendarium,Noun,The collected high fantasy writings of J, literature,R. R. Tolkien relating to the fictional realm of Middle-earth and the universe in which it is set.,False,False,False,False,False,False,False,False,False,False,False,False,False,False,True
15918,lineation,Noun,"The way in which line breaks are inserted in a poem 2001, Shira Wolosky, The Art of Poetry[1], ISBN, page 26-27:Lineation is very much a matter of syntax, organizing the poem's grammar across its lines in ways significant and central to the poem's meaning.", literature,,False,False,False,False,False,False,False,False,False,False,False,False,False,False,True
17006,lipogram,Noun,A word or writing that does not use a particular symbol or symbols, literature,"""Transubstantiationalists"" is a particularly long single-word lipogram, not using the letter ""e"".",False,False,False,False,False,False,False,False,False,False,False,False,False,False,True
17984,literary criticism,Noun,"The study, discussion, evaluation, and interpretation of literature.", literature,,False,False,False,False,False,False,False,False,False,False,False,False,False,False,True
17985,literary device,Noun,"An identifiable rule of thumb, convention, or structure that is employed in literature and storytelling.", literature,,False,False,False,False,False,False,False,False,False,False,False,False,False,False,True
17990,literary language,Noun,A register of a language that is used in literary writing., literature,,False,False,False,False,False,False,False,False,False,False,False,False,False,False,True
17993,literary technique,Noun,Literary device., literature,,False,False,False,False,False,False,False,False,False,False,False,False,False,False,True
17995,literary theory,Noun,The theory or the philosophy of the interpretation of literature and literary criticism., literature,,False,False,False,False,False,False,False,False,False,False,False,False,False,False,True
3804,academicism,Noun,Traditional or orthodox formalism; conventionalism.," art, literature",,False,False,False,False,False,False,False,False,False,False,False,False,False,False,True
4540,accessible,Adjective,Easily understood or appreciated," art, literature","2015, Rose Bretcher, Pure But something new was rippling through a million MySpace profiles. The sound was electro, and bass-laced synthetic dance pop would soon start streaming in from producers in Paris, dizzying the twenteens of Britain with its accessible, anthemic funk.",False,False,False,False,False,False,False,False,False,False,False,False,False,False,True
6544,achronological,Adjective,"Not chronological; proceeding through time in a nonlinear fashion 1988 October 14, Jonathan Rosenbaum, Muddled Americans, in Chicago Reader[1]:Another reason was the apparently inspired pairing of screenwriter Dennis Potter and director Nicolas Roeg, two dark poets of psychic subtexts and achronological memory flashes"," chiefly literature, film","2003 September 26, Martha Bayne, Things Are Going Very Well for Audrey Niffenegger, in Chicago Reader[2]:The Time Traveler's Wife tracks the achronological course of their lifelong love affair.",False,False,False,False,False,False,False,False,False,False,False,False,False,False,True
22345,alternate universe,Noun,"An imaginary realm, often a variant form of the real world, depicting a different way events could have unfolded or the universe could have functioned"," literature, narratology","1980, Maxine Greene, ""Response to Philip Jackson,"" Curriculum Inquiry, vol. 10, no. 2, p. 173, There are moments when he seems to be writing something on the order of Jorge Luis Borges's ""Tln, Uqbar, Orbis Tertius""an amazing fragment about the alternate universe where every book contains its counterbook, where things become duplicated and ""also tend to become effaced and lose their details when they are forgotten."" 1995, Richard Corliss, ""Where Nice Guys Finish First,"" Time, 20 Nov., This American President exists in an alternate universe from the one the real Bill Clinton must inhabit.",False,False,False,False,False,False,False,False,False,False,False,False,False,False,True
32442,anti-story,Noun,"A work of fiction in which the author breaks in some way the conventional rules of storytelling, usually with some feature (for example, a lack of plot or characters, unusual punctuation, odd subject or presentation, etc.) that strongly challenges the reader's expectations.", literature,,False,False,False,False,False,False,False,False,False,False,False,False,False,False,True
33066,anticathartic,Adjective,In no way causing catharsis., literature,,False,False,False,False,False,False,False,False,False,False,False,False,False,False,True
33956,antiepic,Noun,A literary work challenging the conventions of the epic, literature,"2008, Tanya Caldwell, Virgil Made English, page 124:John Lewkenor, for example, challenges Virgil and the hierarchies of epic in a Petronius-style antiepic.",False,False,False,False,False,False,False,False,False,False,False,False,False,False,True
34518,antihero,Noun,"A protagonist who proceeds in an unheroic manner, such as by criminal means, via cowardly actions, or for mercenary goals."," literature, role-playing games",,False,False,False,False,False,False,False,False,False,False,False,False,False,False,True
34523,antiheroine,Noun,"A female protagonist who proceeds in an unheroic manner, such as by criminal means, via cowardly actions, or for mercenary goals; a female antihero"," literature, role-playing games","2009, January 18, Charles Isherwood, in Hedda Forever: An Antiheroine for the Ages:Since she sprang from the imagination of the Norwegian playwright Henrik Ibsen in 1890, this coldhearted antiheroine has maintained a tight grip on the attention of audiences across the globe, outstripping all the many other complicated women in Ibsens oeuvre, even the door-slamming Nora of A Dolls House.",False,False,False,False,False,False,False,False,False,False,False,False,False,False,True
34525,antiheroism,Noun,The quality of being an antihero, literature,,False,False,False,False,False,False,False,False,False,False,False,False,False,False,True
34882,antiliterary,Adjective,Relating to antiliterature; defying the conventions of literature., literature,,False,False,False,False,False,False,False,False,False,False,False,False,False,False,True
34884,antiliterature,Noun,"Written works that deliberately avoid the typical conventions of literature, such as antinovels and antiplays.", literature,,False,False,False,False,False,False,False,False,False,False,False,False,False,False,True
35515,antinovel,Noun,"A novel that deliberately avoids the typical conventions of the novel, such as a coherent plot and protagonist", literature,Digressions are usually considered a characteristic feature of the antinovel tradition.,False,False,False,False,False,False,False,False,False,False,False,False,False,False,True
35516,antinovel,Noun,Any form of writing style that deviates from the norm of technical conventions used in writing literature.," literature, by extension",,False,False,False,False,False,False,False,False,False,False,False,False,False,False,True
35517,antinovelist,Noun,A writer of antinovels, literature,"1995, Dennis Porter, Rousseau's legacy: emergence and eclipse of the writer in France The difference between a modern novelist like Roth and an eighteenth-century moralist and antinovelist like Rousseau [] 1997, Margaret Anne Doody, The True Story of the Novel But for Augustine, as for the harsher Puritans who followed him, there is no real point in saying what some humanist antinovelists very much wished to say [] 2000, Roger Shattuck, Candor and perversion: literature, education, and the arts At no point in her writing does Mary Lee Settle become an antinovelist or a player of literary games.",False,False,False,False,False,False,False,False,False,False,False,False,False,False,True
35518,antinovelistic,Adjective,Of or relating to an antinovel., literature,,False,False,False,False,False,False,False,False,False,False,False,False,False,False,True
35696,antipastoral,Adjective,Eschewing pastoral literary themes and conventions.," literature, sociology",,False,False,False,False,False,False,False,False,False,False,False,False,False,False,True
36467,antiromance,Noun,A novel or other work that rejects the conventions of the romance form, literature,"1990, Julie Stone Peters, Congreve, the Drama, and the Printed Word, page 114:Congreve articulates here for the English a distinction already implicit in such antiromances as Don Quixote (1605), Charles Sorel's Berger extravagant (1627-28), or Paul Scarron's novels []",False,False,False,False,False,False,False,False,False,False,False,False,False,False,True
36472,antiromanticism,Noun,Opposition to romanticism., literature,,False,False,False,False,False,False,False,False,False,False,False,False,False,False,True
37398,antiverbal,Adjective,Opposing or avoiding the use of speech or words," literature, semiotics","1987, Wayne (Chris) Anderson, Style as Argument: Contemporary American Nonfiction (page 5) Though in very different ways, Wolfe, Capote, Mailer, and Didion each define their subjects as somehow beyond words antiverbal or nonverbal, threatening or sublime, overpowering and intense or private and intuitive [] 1989, Ronald L. Dotterer, Shakespeare: Text, Subtext, and Context (page 206) Othello, Horatio, and Brutus strike me as notable exemplars of laconicism, but in Hotspur's case Shakespeare creates an antiverbal bias that is not so much philosophical as it is bound up in gender stereotype.",False,False,False,False,False,False,False,False,False,False,False,False,False,False,True
38981,apological,Adjective,Relating to an apologue, literature,,False,False,False,False,False,False,False,False,False,False,False,False,False,False,True
41927,arcadian,Adjective,Ideally rustic or pastoral., literature,,False,False,False,False,False,False,False,False,False,False,False,False,False,False,True
42442,archetype,Noun,"A character, object, or story that is based on a known character, object, or story", literature,"2009, Janet B. Rodgers; Frankie Armstrong, Introduction: Acting and Singing with Archetypes: Tapping into Creative Potential, in Acting and Singing with Archetypes, Milwaukee, Wis.: Limelight Editions, Hal Leonard Corporation, ISBN, page Xiii:Archetypes are figures and creatures that inhabit the pools of the world's mythology, folk tales, epics, and ballads. [] Thus archetypes are universal essences that we all recognize: the Mother, the Lover, the Trickster, the Spiritual and Temporal Leader, the Devil.",False,False,False,False,False,False,False,False,False,False,False,False,False,False,True
51736,auctorial descriptive,Noun,An adjective based on an authors' name., literature,,False,False,False,False,False,False,False,False,False,False,False,False,False,False,True
54807,autotelic,Adjective,Not motivated by anything beyond itself; thematically self-contained," art, of a work of art or literature","1989, Michael Davidson, The San Francisco Renaissance: Poetics and Community at Mid-century, Cambridge University Press (1991), ISBN, page 112: Running Water Music II represents a contemporary version of the autotelic poem, freer than its modernist predecessors to assert connections, celebrate openly, declare connections between self and world, but bound by semantic and imagistic frames that derive from a single source.",False,False,False,False,False,False,False,False,False,False,False,False,False,False,True
432,tabloidese,Noun,The writing style of tabloid journalism.," neologism, chiefly literature",,False,False,False,False,False,False,False,False,False,False,False,False,False,False,True
10375,tendency writing,Noun,Literature produced in order to promote a cause or serve a rhetorical purpose that the writing itself never makes explicit, literature,"These purposes are typically social, political, or moral.",False,False,False,False,False,False,False,False,False,False,False,False,False,False,True
11412,teratoid,Noun,A mutant, literature,"2002, Lance Olsen, ""Omniphage: Rock 'n' Roll and Avant-Pop Science Fiction"", in Edging Into the Future: Science Fiction and Contemporary Cultural Transformation [1], ISBN, page 51: I wanted to explore how at the launch of a new millennium many people were beginning to feel like teratoids in the global commodity exchange. 2002, Aiko Ito and Graeme Wilson, translators, Natsume Soseki, I Am a Cat vol. 2, ISBN, page 345: The objects floating in the bath and lazing about on the bathroom's floor are all monsters, teratoids dehumanized by the husking of their clothes. 2007, Geoffrey Verdegast, Of Staves and Sigmas: Souls of Ergos Book One [2], ISBN, page 67: He had little time, however, to ponder his lack of reflex, for new incident forced his attention back to the ridge where the four teratoids had first broken from cover.",False,False,False,False,False,False,False,False,False,False,False,False,False,False,True
14305,textuality,Noun,The attributes that distinguish a text as an object of study.," literature, linguistics",,False,False,False,False,False,False,False,False,False,False,False,False,False,False,True
18047,third-person,Adjective,"Of a narrative, using verbs in the third person.", literature,,False,False,False,False,False,False,False,False,False,False,False,False,False,False,True
19629,thriller,Noun,"A suspenseful, sensational genre of story, book, play or film."," film, literature",,False,False,False,False,False,False,False,False,False,False,False,False,False,False,True
26912,tone,Noun,The manner in which speech or writing is expressed, literature,"(Can we date this quote by W. C. Bryant and provide title, author's full name, and other details?) Their tone was dissatisfied, almost menacing.",False,False,False,False,False,False,False,False,False,False,False,False,False,False,True
34872,transmotivation,Noun,The process of revising a fictional character's motivations to correspond to his/her actions., literature,,False,False,False,False,False,False,False,False,False,False,False,False,False,False,True
35656,transversion,Noun,"The changing from prose into verse, or verse into prose.", literature,,False,False,False,False,False,False,False,False,False,False,False,False,False,False,True
42157,trope,Noun,"Something recurring across a genre or type of art or literature, such as the mad scientist of horror movies or the use of the phrase once upon a time as an introduction to fairy tales; a motif"," art, literature","1776, George Campbell, Of Wit, Humour, and Ridicule, in The Philosophy of Rhetoric. [...] In Two Volumes, volume I, London: Printed for W[illiam] Strahan; and T[homas] Cadell, in the Strand; and W[illiam] Creech at Edinburgh, OCLC 224614777, book I (The Nature and Foundations of Eloquence), pages 6566:It is likewie witty, for [] a trope familiar to this author, you have here a comparion ofa woman's chatity to a piece of porcelain,her honour to a gaudy robe,her prayers to a fantatical diguie,her heart to a trinket; and all thee together to her lap-dog, and that founded on one lucky circumtance (a malicious critic would perhaps dicern or imagine more) by which thee things, how unlike oever in other repects, may be compared, the impreion they make on the mind of a fine lady. 2017 February 23, Katie Rife, The Girl With All The Gifts tries to put a fresh spin on overripe zombie clichs, in The A.V. Club[1]:You have to give director Colm McCarthy, a Scottish TV veteran making his feature film debut, and writer Mike Carey, adapting his own novel, credit for attempting the seemingly impossible task of doing something new with the zombie subgenre. And by blending it with the common YA [young adult] trope of a young female protagonist who leads the world into a new revolutionary era, they almost get therelargely thanks to newcomer [Sennia] Nanua, who presents her character's grappling with complex themes of identity and original sin with a childlike guilelessness.",False,False,False,False,False,False,False,False,False,False,False,False,False,False,True
